DATE,RACE,CLASS,RACE NAME,DIST,SURF,STARTER NAME,PP,ODDS,FAVE,FIN,TRAINER,JOCKEY,TIME,PREV RACE,DAYS,SIRE
7/11/2019,5,MSW-NY-F,,5.5,Dirt,Big Q,5,14,0,1,Gary Gullo,Joel Rosario,01:06.9,,,Big Brown
7/11/2019,5,MSW-NY-F,,5.5,Dirt,Impazible Donna,6,2.45,1,2,Bruce Levine,Luis Saez,01:07.0,,,Mission Impazible
7/11/2019,5,MSW-NY-F,,5.5,Dirt,Funfetti,8,2.65,0,3,Jeremiah Englehart,Jose Ortiz,01:07.4,,,Giant Surprise
7/11/2019,5,MSW-NY-F,,5.5,Dirt,Love Me Tomorrow,2,3.85,0,4,Wesley Ward,Dylan Davis,01:07.5,BEL 5/30 4,42,Mineshaft
7/11/2019,5,MSW-NY-F,,5.5,Dirt,Keypit,7,29.5,0,5,Thomas Albertrani,Jose Lezcano,01:09.4,,,Congrats
7/11/2019,5,MSW-NY-F,,5.5,Dirt,Ghostghostghost,3,3.85,0,6,Steven Asmussen,"Ricardo Santana, Jr.",01:09.8,,,Archarcharch
7/11/2019,5,MSW-NY-F,,5.5,Dirt,Rewarded,9,22.2,0,7,Michael Lauer,Manuel Franco,01:09.9,BEL 6/23 2,18,Central Banker
7/11/2019,5,MSW-NY-F,,5.5,Dirt,Time Shift,1,37.5,0,8,Philip Serpe,Eric Cancel,01:10.7,,,Union Rags
7/11/2019,5,MSW-NY-F,,5.5,Dirt,Helen by Night,4,17.7,0,9,Rudy Rodriguez,Javier Castellano,01:14.3,,,Rule by Night
7/11/2019,8,GRD-F,Schuylerville S.,6,Dirt,Comical,5,3.1,0,1,Doug O'Neill,Javier Castellano,01:11.7,SA 5/26 4,46,Into Mischief
7/11/2019,8,GRD-F,Schuylerville S.,6,Dirt,Kiss the Girl,8,3.8,0,2,Todd Pletcher,John Velazquez,01:11.7,BEL 6/12 3,29,Into Mischief
7/11/2019,8,GRD-F,Schuylerville S.,6,Dirt,Shippy,1,1.1,1,3,Doug O'Neill,Jose Ortiz,01:11.8,LRL 6/14 1,27,Midshipman
7/11/2019,8,GRD-F,Schuylerville S.,6,Dirt,Buxom Beast,7,13.2,0,4,Gary Contessa,Joel Rosario,01:12.9,,,The Big Beast
7/11/2019,8,GRD-F,Schuylerville S.,6,Dirt,Integral,2,17.4,0,5,Todd Pletcher,Luis Saez,01:13.0,GP 5/25 3,47,Algorithms
7/11/2019,8,GRD-F,Schuylerville S.,6,Dirt,Lula's Roadrunner,4,28.25,0,6,"Edward Coletti, Jr.",Mychel Sanchez,01:13.4,PRX 6/24 1,17,Uptowncharlybrown
7/11/2019,8,GRD-F,Schuylerville S.,6,Dirt,His Glory,3,16.2,0,7,Thomas Amoss,Jose Lezcano,01:14.5,IND 6/11 2,30,Mineshaft
7/11/2019,8,GRD-F,Schuylerville S.,6,Dirt,Lady Fatima,6,18.9,0,8,Mark Casse,Dylan Davis,01:15.1,BEL 5/23 1,49,Bodemeister
7/12/2019,5,MSW-F,,5.5,Dirt,Vast,6,12.9,0,1,William Mott,Junior Alvarado,01:04.7,,,Lea
7/12/2019,5,MSW-F,,5.5,Dirt,Good Shabbos,2,2.15,0,2,Jeremiah Englehart,Luis Saez,01:04.7,MTH 6/1 2,41,Munnings
7/12/2019,5,MSW-F,,5.5,Dirt,Pure Wow,7,8.9,0,3,John Terranova II,Dylan Davis,01:04.7,,,The Factor
7/12/2019,5,MSW-F,,5.5,Dirt,Lotta Ott,4,1.3,1,4,Steven Asmussen,"Ricardo Santana, Jr.",01:05.1,,,Tapiture
7/12/2019,5,MSW-F,,5.5,Dirt,Bird Tycoon,5,25,0,5,Ian Wilkes,Julien Leparoux,01:05.5,,,Graydar
7/12/2019,5,MSW-F,,5.5,Dirt,Drop a Hint,3,29,0,6,D. Lukas,Tyler Gaffalione,01:05.7,,,Into Mischief
7/12/2019,5,MSW-F,,5.5,Dirt,Apurate,1,5.2,0,7,Todd Pletcher,John Velazquez,01:05.8,,,Summer Front
7/12/2019,5,MSW-F,,5.5,Dirt,Mylastfirstkiss,8,21.6,0,8,Anthony Quartarolo,Kendrick Carmouche,01:06.0,CD 6/21 1,21,Flatter
7/13/2019,3,GRD,Sanford S.,6,Dirt,By Your Side,5,1.4,1,1,Eddie Kenneally,"Irad Ortiz, Jr.",01:10.2,CD 6/14 1,29,Constitution
7/13/2019,3,GRD,Sanford S.,6,Dirt,Tomato Bill,4,4.6,0,2,Christophe Clement,Kendrick Carmouche,01:10.7,DEL 5/22 1,52,More Than Ready
7/13/2019,3,GRD,Sanford S.,6,Dirt,Raging Whiskey,2,3.35,0,3,Doug O'Neill,Javier Castellano,01:11.0,SA 6/2 2,41,Bourbon Courage
7/13/2019,3,GRD,Sanford S.,6,Dirt,Cucina,3,3.3,0,4,Mark Casse,Tyler Gaffalione,01:11.0,BEL 6/21 2,22,Northern Afleet
7/13/2019,3,GRD,Sanford S.,6,Dirt,Memorable,1,6,0,5,Steven Asmussen,John Velazquez,01:11.9,BEL 6/7 7,36,Uncle Mo
7/13/2019,4,MSW,,5.5,Dirt,Zyramid,6,1.45,1,1,Steven Asmussen,Manuel Franco,01:03.8,CD 6/8 1,35,City Zip
7/13/2019,4,MSW,,5.5,Dirt,Kickin' Kirby,4,19.1,0,2,Nicholas Zito,Tyler Gaffalione,01:04.2,,,Dialed In
7/13/2019,4,MSW,,5.5,Dirt,Peddlers Pride,8,9.7,0,3,William Mott,Junior Alvarado,01:04.6,,,Liam's Map
7/13/2019,4,MSW,,5.5,Dirt,High Tide,1,2.15,0,4,Todd Pletcher,John Velazquez,01:04.9,,,Malibu Moon
7/13/2019,4,MSW,,5.5,Dirt,Hometown Pride,2,30,0,5,Ian Wilkes,Chris Landeros,01:05.0,,,To Honor and Serve
7/13/2019,4,MSW,,5.5,Dirt,Vaya Con Dios,5,11.3,0,6,Eric Guillot,Dylan Davis,01:05.4,,,Majesticperfection
7/13/2019,4,MSW,,5.5,Dirt,Irked,3,7.2,0,7,William Mott,Jose Lezcano,01:05.9,,,War Front
7/13/2019,4,MSW,,5.5,Dirt,Pharoah Cat,7,9.5,0,8,D. Lukas,Rajiv Maragh,01:06.5,CD 6/23 2,20,American Pharoah
7/13/2019,6,MSW,,8.5,Turf,Field Pass,2,2.95,0,1,Michael Maker,Luis Saez,01:45.7,CD 6/21 3,22,Lemon Drop Kid
7/13/2019,6,MSW,,8.5,Turf,Decorated Invader,1,5.3,0,2,Christophe Clement,"Irad Ortiz, Jr.",01:45.9,,,Declaration of War
7/13/2019,6,MSW,,8.5,Turf,Mr Jaggers,7,2.35,1,3,William Mott,Junior Alvarado,01:46.1,,,Twirling Candy
7/13/2019,6,MSW,,8.5,Turf,Our Country,4,12.1,0,4,George Weaver,Manuel Franco,01:46.2,,,Constitution
7/13/2019,6,MSW,,8.5,Turf,Enforceable,3,6.5,0,5,Mark Casse,Tyler Gaffalione,01:46.4,CD 5/31 5,43,Tapit
7/13/2019,6,MSW,,8.5,Turf,Cardiac Kid,9,17.8,0,6,Kenneth McPeek,Jose Lezcano,01:46.6,,,American Pharoah
7/13/2019,6,MSW,,8.5,Turf,Kokokomo,6,10.4,0,7,Todd Pletcher,Javier Castellano,01:46.6,BEL 6/21 7,22,Uncle Mo
7/13/2019,6,MSW,,8.5,Turf,Mr Everything,5,12.2,0,8,Wesley Ward,John Velazquez,01:46.6,GP 6/23 12,20,Mr Speaker
7/13/2019,6,MSW,,8.5,Turf,Cloudbased,8,16,0,9,Claude McGaughey III,Dylan Davis,01:48.2,BEL 6/21 7,22,Orb
7/14/2019,1,MSW-F,,8.5,Turf,Sweet Melania,7,1.6,1,1,Todd Pletcher,Jose Ortiz,01:45.9,MTH 6/1 2,43,American Pharoah
7/14/2019,1,MSW-F,,8.5,Turf,Morning Gold,8,10.4,0,2,Kenneth McPeek,Dylan Davis,01:46.1,,,Morning Line
7/14/2019,1,MSW-F,,8.5,Turf,Lucky Jingle,1,8.8,0,3,H. Motion,Rajiv Maragh,01:46.9,,,Tonalist
7/14/2019,1,MSW-F,,8.5,Turf,Pearlescent,2,4.1,0,4,William Mott,Junior Alvarado,01:47.1,,,The Factor
7/14/2019,1,MSW-F,,8.5,Turf,Days of Spring,3,6.4,0,5,Todd Pletcher,Manuel Franco,01:47.2,BEL 5/23 1,52,Uncle Mo
7/14/2019,1,MSW-F,,8.5,Turf,Miss Marissa,5,4.6,0,6,James Ryerson,Luis Saez,01:47.3,BEL 6/20 5,24,He's Had Enough
7/14/2019,1,MSW-F,,8.5,Turf,Foreign Exchange,4,28.75,0,7,D. Lukas,Joel Rosario,01:47.4,,,Congrats
7/14/2019,1,MSW-F,,8.5,Turf,Sign of the Times,6,11.2,0,8,Wesley Ward,"Irad Ortiz, Jr.",01:48.5,GP 6/22 8,22,Animal Kingdom
7/14/2019,4,MSW-NY,,5.5,Dirt,Bank On Shea,4,2.55,0,1,Jason Servis,"Irad Ortiz, Jr.",01:04.0,,,Central Banker
7/14/2019,4,MSW-NY,,5.5,Dirt,Blame the Cake,2,14.9,0,2,Ian Wilkes,Javier Castellano,01:04.1,,,Blame
7/14/2019,4,MSW-NY,,5.5,Dirt,Macho Boy,3,9,0,3,Gary Contessa,Joel Rosario,01:04.9,,,Mucho Macho Man
7/14/2019,4,MSW-NY,,5.5,Dirt,South Africa,7,6.9,0,4,Michelle Nevin,Jose Ortiz,01:05.1,,,Will Take Charge
7/14/2019,4,MSW-NY,,5.5,Dirt,Kobe,6,33.5,0,5,Gary Contessa,Chris Landeros,01:05.4,,,Japan
7/14/2019,4,MSW-NY,,5.5,Dirt,Titan's Will,1,8.1,0,6,Jeremiah Englehart,Luis Saez,01:06.7,,,Congrats
7/14/2019,4,MSW-NY,,5.5,Dirt,Our Destiny,5,7.8,0,7,Joseph Parker,Joey Martinez,01:07.3,BEL 5/31 2,44,Freud
7/14/2019,4,MSW-NY,,5.5,Dirt,No Salt,8,1.65,1,8,William Mott,Junior Alvarado,01:08.3,,,Tonalist
7/17/2019,2,STK-NY,Rick Violette S.,6,Dirt,Sky of Hook,4,9.3,0,1,Rudy Rodriguez,Luis Saez,01:13.2,BEL 5/10 5,68,Tapiture
7/17/2019,2,STK-NY,Rick Violette S.,6,Dirt,Listentoyourheart,2,2.25,0,2,Christophe Clement,Manuel Franco,01:13.2,BEL 6/23 6,24,Afleet Alex
7/17/2019,2,STK-NY,Rick Violette S.,6,Dirt,Theitalianamerican,1,2.85,0,3,Gary Contessa,Joel Rosario,01:14.0,BEL 6/7 7,40,Girolamo
7/17/2019,2,STK-NY,Rick Violette S.,6,Dirt,Mission Wrapitup,3,1.35,1,4,Bruce Brown,Dylan Davis,01:14.1,BEL 5/31 2,47,Mission Impazible
7/17/2019,2,STAKES,Rick Violette S.,6,Dirt,Torres Del Paine,5,7.9,0,5,H. Motion,Weston Hamilton,01:15.3,LRL 6/28 6,19,Karakontie
7/17/2019,5,MSW-F,,5.5,Dirt,Just Fly,5,2.1,1,1,Joe Sharp,Luis Saez,01:05.2,CD 6/20 4,27,Justin Phillip
7/17/2019,5,MSW-F,,5.5,Dirt,Ain't None Lucky,1,6.8,0,2,Lacey Gaudet,Johan Rosado,01:06.0,LRL 6/14 1,33,Candy Ride (ARG)
7/17/2019,5,MSW-F,,5.5,Dirt,Project Whiskey,4,8.4,0,3,"Robert Reid, Jr.",Kendrick Carmouche,01:06.0,,,Tapizar
7/17/2019,5,MSW-F,,5.5,Dirt,Double Down Dare,3,4.1,0,4,Steve Klesaris,Jose Lezcano,01:06.1,PRX 6/24 1,23,Cross Traffic
7/17/2019,5,MSW-F,,5.5,Dirt,Devils Rendezvous,6,8.7,0,5,Gary Contessa,Joel Rosario,01:06.2,,,Daredevil
7/17/2019,5,MSW-F,,5.5,Dirt,Raggedy Annie,7,9.6,0,6,D. Lukas,Tyler Gaffalione,01:06.3,,,Union Rags
7/17/2019,5,MSW-F,,5.5,Dirt,Myawaya,2,3.65,0,7,Todd Pletcher,John Velazquez,01:06.5,,,Wicked Strong
7/17/2019,5,MSW-F,,5.5,Dirt,Gabi's Tuff,8,26.5,0,8,Gary Contessa,Joey Martinez,01:12.0,,,Teuflesberg
7/17/2019,10,MSW-NY-F,,5.5,Dirt,Violent Point,6,1.1,1,1,Mark Casse,John Velazquez,01:05.0,BEL 6/22 4,25,Violence
7/17/2019,10,MSW-NY-F,,5.5,Dirt,Single Verse,3,12.1,0,2,Bruce Brown,Tyler Gaffalione,01:06.0,,,Mineshaft
7/17/2019,10,MSW-NY-F,,5.5,Dirt,Darken a Day,4,5.5,0,3,Gary Contessa,Joel Rosario,01:06.9,,,Emcee
7/17/2019,10,MSW-NY-F,,5.5,Dirt,Light in the Sky,2,3.55,0,4,Linda Rice,Jose Ortiz,01:07.0,,,Tale of the Cat
7/17/2019,10,MSW-NY-F,,5.5,Dirt,American Song,1,4,0,5,Jeremiah Englehart,Junior Alvarado,01:07.2,BEL 6/12 3,35,Maclean's Music
7/17/2019,10,MSW-NY-F,,5.5,Dirt,Apollo's Abraxas,5,13.4,0,6,Kim Laudati,Benjamin Hernandez,01:09.9,BEL 6/30 4,17,Big Brown
7/18/2019,2,MSW,,5.5,Dirt,January Won,3,3.9,0,1,Kenneth McPeek,Jose Ortiz,01:04.3,,,New Year's Day
7/18/2019,2,MSW,,5.5,Dirt,Beyond Gone,1,6.2,0,2,Kenneth McPeek,Julien Leparoux,01:04.5,,,Can the Man
7/18/2019,2,MSW,,5.5,Dirt,Dan the Man Can,2,4.9,0,3,Edward Barker,Manuel Franco,01:04.9,,,Can the Man
7/18/2019,2,MSW,,5.5,Dirt,Justintimeforwine,5,1.6,1,4,Gary Contessa,Joel Rosario,01:05.5,BEL 6/23 6,25,Justin Phillip
7/18/2019,2,MSW,,5.5,Dirt,Jamflowman,6,3.15,0,5,John Terranova II,Dylan Davis,01:05.6,,,Awesome of Course
7/18/2019,2,MSW,,5.5,Dirt,Ninth of April,4,15.3,0,6,Edmund Davis,"Ricardo Santana, Jr.",01:06.8,,,Shanghai Bobby
7/18/2019,3,STK-NY-F,Stillwater S.,6,Dirt,My Italian Rabbi,4,8.9,0,1,Jeremiah Englehart,Luis Saez,01:10.3,BEL 5/30 4,49,Competitive Edge
7/18/2019,3,STK-NY-F,Stillwater S.,6,Dirt,Fierce Lady,2,0.35,1,2,Dermot Magner,Javier Castellano,01:10.3,BEL 6/22 4,26,Competitive Edge
7/18/2019,3,STK-NY-F,Stillwater S.,6,Dirt,Jewel of Arabia,1,5.7,0,3,Christophe Clement,Joel Rosario,01:10.5,,,Daredevil
7/18/2019,3,STK-NY-F,Stillwater S.,6,Dirt,Classy Sadie,3,12.9,0,4,Gary Contessa,Eric Cancel,01:11.1,BEL 6/20 5,28,Emcee
7/18/2019,3,STK-NY-F,Stillwater S.,6,Dirt,Time Limit,5,6.1,0,5,Michael Maker,Jose Ortiz,01:12.8,BEL 6/23 2,25,Bustin Stones
7/18/2019,5,MSW-NY,,5.5,Dirt,City Man,8,1.25,1,1,Christophe Clement,Joel Rosario,01:04.7,,,Mucho Macho Man
7/18/2019,5,MSW-NY,,5.5,Dirt,Shandian,5,6.4,0,2,Gary Contessa,Javier Castellano,01:05.1,BEL 6/21 2,27,Emcee
7/18/2019,5,MSW-NY,,5.5,Dirt,Turbo Drive,1,8.2,0,3,Michael Maker,Jose Ortiz,01:05.3,BEL 6/21 2,27,Teuflesberg
7/18/2019,5,MSW-NY,,5.5,Dirt,Imperio D,6,53,0,4,Rudy Rodriguez,Luis Reyes,01:05.4,,,Frost Giant
7/18/2019,5,MSW-NY,,5.5,Dirt,Fly Fly Away,9,8.1,0,5,Christophe Clement,"Irad Ortiz, Jr.",01:05.6,,,First Samurai
7/18/2019,5,MSW-NY,,5.5,Dirt,Barleewon,4,6.1,0,6,Michael Stidham,John Velazquez,01:05.9,,,Animal Kingdom
7/18/2019,5,MSW-NY,,5.5,Dirt,Diannesimpazible,2,12.3,0,7,Rudy Rodriguez,Manuel Franco,01:06.0,,,Mission Impazible
7/18/2019,5,MSW-NY,,5.5,Dirt,Power Up Paynter,3,6.7,0,8,Linda Rice,Jose Lezcano,01:06.1,,,Paynter
7/18/2019,5,MSW-NY,,5.5,Dirt,Tapizearance,7,23.6,0,9,Gary Contessa,Chris Landeros,01:06.6,,,Tapizar
7/19/2019,5,MSW-F,,6,Dirt,Sweet Kisses,7,2.75,0,1,Jeremiah Englehart,Jose Ortiz,01:09.8,BEL 6/12 3,37,Carpe Diem
7/19/2019,5,MSW-F,,6,Dirt,Finite,5,3.55,0,2,Steven Asmussen,"Ricardo Santana, Jr.",01:10.1,,,Munnings
7/19/2019,5,MSW-F,,6,Dirt,Mrs. Danvers,6,2.6,1,3,Claude McGaughey III,Joel Rosario,01:10.1,,,Tapit
7/19/2019,5,MSW-F,,6,Dirt,Kiawah Sunset,2,4.5,0,4,Wesley Ward,"Irad Ortiz, Jr.",01:10.4,CD 6/20 4,29,Uncle Mo
7/19/2019,5,MSW-F,,6,Dirt,Inveterate,3,5.9,0,5,Dermot Magner,Tyler Gaffalione,01:10.6,,,Palace Malice
7/19/2019,5,MSW-F,,6,Dirt,Cat's Pajamas,1,15.2,0,6,William Mott,Junior Alvarado,01:11.2,,,Street Sense
7/19/2019,5,MSW-F,,6,Dirt,Larry's Baby,4,20.8,0,7,D. Lukas,Luis Saez,01:13.7,,,Majesticperfection
7/21/2019,7,MSW-F,,5.5,Turf,Fly So Pretty,1,5.6,0,1,Mark Casse,Javier Castellano,01:02.9,CD 6/20 4,31,Sky Mesa
7/21/2019,7,MSW-F,,5.5,Turf,Sequin,10,2,1,2,Wesley Ward,Tyler Gaffalione,01:03.0,,,Bayern
7/21/2019,7,MSW-F,,5.5,Turf,Sharing,2,10.1,0,3,H. Motion,Manuel Franco,01:03.0,,,Speightstown
7/21/2019,7,MSW-F,,5.5,Turf,Queen of Shades,8,6.4,0,4,Jason Servis,"Irad Ortiz, Jr.",01:03.1,MTH 6/1 2,50,Midshipman
7/21/2019,7,MSW-F,,5.5,Turf,Giggle Factory,9,65,0,5,Thomas Albertrani,Luis Reyes,01:03.6,,,The Factor
7/21/2019,7,MSW-F,,5.5,Turf,Mom's Pass,7,3.5,0,6,Steven Asmussen,"Ricardo Santana, Jr.",01:03.6,CD 6/20 4,31,Point of Entry
7/21/2019,7,MSW-F,,5.5,Turf,Meritaten,5,4.5,0,7,"Albert Stall, Jr.",Jose Ortiz,01:03.7,,,War Front
7/21/2019,7,MSW-F,,5.5,Turf,Ill Will,6,26.75,0,8,Gary Contessa,Chris Landeros,01:03.7,,,Palace Malice
7/21/2019,7,MSW-F,,5.5,Turf,Miss My Macho,4,65.75,0,9,Katherine Ritvo,Kendrick Carmouche,01:03.7,,,Mucho Macho Man
7/21/2019,7,MSW-F,,5.5,Turf,Crack of Dawn,3,49.5,0,10,Philip Serpe,Junior Alvarado,01:03.8,,,Bernardini
7/21/2019,8,MSW,,6,Dirt,Basin,6,2,0,1,Steven Asmussen,"Ricardo Santana, Jr.",01:09.8,CD 6/14 1,37,Liam's Map
7/21/2019,8,MSW,,6,Dirt,Three Technique,2,1.75,1,2,Jeremiah Englehart,Jose Ortiz,01:10.0,BEL 6/14 5,37,Mr Speaker
7/21/2019,8,MSW,,6,Dirt,Lucky Curlin,10,11.7,0,3,Mark Casse,Tyler Gaffalione,01:11.0,CD 6/14 1,37,Curlin
7/21/2019,8,MSW,,6,Dirt,Mr Thrifty,7,6.8,0,4,"Robert Reid, Jr.",Kendrick Carmouche,01:11.5,PRX 6/25 5,26,Poseidon's Warrior
7/21/2019,8,MSW,,6,Dirt,Eagles Palace,4,23.2,0,5,William Mott,Junior Alvarado,01:11.5,,,Palace Malice
7/21/2019,8,MSW,,6,Dirt,Yankee Empire,3,6.7,0,6,John Kimmel,Chris Landeros,01:11.8,BEL 6/14 5,37,Cairo Prince
7/21/2019,8,MSW,,6,Dirt,American Butterfly,5,20.7,0,7,D. Lukas,Joel Rosario,01:12.2,,,American Pharoah
7/21/2019,8,MSW,,6,Dirt,Excession,9,26,0,8,Steven Asmussen,Manuel Franco,01:12.6,,,Union Rags
7/21/2019,8,MSW,,6,Dirt,Federale,1,51.5,0,9,Philip Gleaves,Dylan Davis,01:12.9,BEL 6/7 7,44,Discreetly Mine
7/21/2019,8,MSW-F,,6,Dirt,He's Super Lucky,8,47.5,0,10,Katherine Ritvo,Rajiv Maragh,01:15.1,,,Super Saver
7/24/2019,3,MSW-NY-F,,7,Dirt,Sky Kitten,5,7.8,0,1,David Donk,Manuel Franco,01:27.0,,,Sky Mesa
7/24/2019,3,MSW-NY-F,,7,Dirt,Jen's Battle,1,2.55,0,2,Gary Contessa,Joel Rosario,01:27.1,BEL 6/23 2,31,Declaration of War
7/24/2019,3,MSW-NY-F,,7,Dirt,Beyond Brown,8,2.4,1,3,David Donk,John Velazquez,01:27.7,BEL 6/22 4,32,Big Brown
7/24/2019,3,MSW-NY-F,,7,Dirt,Adriatic Holiday,6,2.75,0,4,Barclay Tagg,Junior Alvarado,01:27.9,,,Central Banker
7/24/2019,3,MSW-NY-F,,7,Dirt,Dustinthewind,7,39,0,5,Edmund Davis,Heman Harkie,01:28.5,BEL 6/22 4,32,Mission Impazible
7/24/2019,3,MSW-NY-F,,7,Dirt,Lil Morning Star,2,39,0,6,Kim Laudati,Joey Martinez,01:29.0,BEL 6/20 5,34,Central Banker
7/24/2019,3,MSW-NY-F,,7,Dirt,More Than Silver,4,22,0,7,Leah Gyarmati,Rajiv Maragh,01:29.1,,,More Than Ready
7/24/2019,3,MSW-NY-F,,7,Dirt,Mazal Eighteen,3,5.6,0,8,Danny Gargan,Kendrick Carmouche,01:29.3,,,Will Take Charge
7/24/2019,6,MSW,,5.5,Dirt,Another Miracle,1,2.35,0,1,Gary Contessa,Manuel Franco,01:03.3,BEL 7/4 5,20,American Pharoah
7/24/2019,6,MSW,,5.5,Dirt,Irish Mias,2,9.2,0,2,H. Motion,Rajiv Maragh,01:03.5,,,Sky Mesa
7/24/2019,6,MSW,,5.5,Dirt,Close Shave,4,6.7,0,3,H. Motion,John Velazquez,01:03.9,,,Uncle Mo
7/24/2019,6,MSW,,5.5,Dirt,Hemlock,6,0.8,1,4,William Mott,Junior Alvarado,01:04.1,,,Into Mischief
7/24/2019,6,MSW,,5.5,Dirt,Blackberry Wine,3,12.5,0,5,Joe Sharp,Luis Saez,01:05.2,,,Oxbow
7/24/2019,6,MSW,,5.5,Dirt,Shackleford's Joy,5,20.8,0,6,D. Lukas,Luis Reyes,01:06.2,,,Shackleford
7/25/2019,2,MCL-F,,5.5,Dirt,Persian Queen,2,6.1,0,1,Rudy Rodriguez,Luis Saez,01:04.8,,,Union Rags
7/25/2019,2,MCL-F,,5.5,Dirt,Wedontbelieveher,5,1.7,1,2,Rudy Rodriguez,Manuel Franco,01:04.9,,,Bayern
7/25/2019,2,MCL-F,,5.5,Dirt,Stunning Munnings,3,4.1,0,3,Wesley Ward,"Irad Ortiz, Jr.",01:04.9,GP 6/27 6,28,Munnings
7/25/2019,2,MCL-F,,5.5,Dirt,Speed Talks,6,16.7,0,4,Gary Contessa,Kendrick Carmouche,01:05.5,,,Afleet Express
7/25/2019,2,MCL-F,,5.5,Dirt,Polished Copper,4,2.7,0,5,Stanley Hough,Tyler Gaffalione,01:05.9,,,Algorithms
7/25/2019,2,MCL-F,,5.5,Dirt,Wicked Amber,7,33.75,0,6,Randi Persaud,Heman Harkie,01:06.1,,,Ghostzapper
7/25/2019,2,MCL-F,,5.5,Dirt,Mrs. Awesome,1,6.6,0,7,Gary Contessa,Joel Rosario,01:07.0,,,Awesome Again
7/26/2019,2,MSW-NY,,7,Dirt,No Lime,5,9.1,0,1,William Mott,Junior Alvarado,01:28.1,,,Flashback
7/26/2019,2,MSW-NY,,7,Dirt,Mo Ready,4,1,1,2,Todd Pletcher,Jose Ortiz,01:28.1,BEL 5/10 5,77,Uncle Mo
7/26/2019,2,MSW-NY,,7,Dirt,Cold Hard Cash,6,10,0,3,Linda Rice,Jose Lezcano,01:29.1,,,Maclean's Music
7/26/2019,2,MSW-NY,,7,Dirt,Kobe,1,5.1,0,4,Gary Contessa,Luis Saez,01:29.5,SAR 7/14 4,12,Japan
7/26/2019,2,MSW-NY,,7,Dirt,Assault Breaker,7,3.1,0,5,Jonathan Thomas,Javier Castellano,01:29.8,BEL 6/26 6,30,Street Boss
7/26/2019,2,MSW-NY,,7,Dirt,Mitzrayim,3,18.9,0,6,Mark Hennig,Chris Landeros,01:30.8,BEL 6/26 6,30,Cairo Prince
7/26/2019,2,MSW-NY,,7,Dirt,Driftwood,2,16.5,0,7,Kenneth McPeek,Julien Leparoux,01:30.8,,,Courageous Cat
7/27/2019,4,MSW,,5.5,Dirt,Shoplifted,5,0.7,1,1,Steven Asmussen,"Ricardo Santana, Jr.",01:04.0,,,Into Mischief
7/27/2019,4,MSW,,5.5,Dirt,Kowalski,4,3.6,0,2,D. Lukas,Joel Rosario,01:04.7,CD 6/28 4,29,Will Take Charge
7/27/2019,4,MSW,,5.5,Dirt,Complexifier,7,5.4,0,3,Brian Lynch,Luis Saez,01:04.9,,,Overanalyze
7/27/2019,4,MSW,,5.5,Dirt,Soviet,6,0.7,1,4,Todd Pletcher,John Velazquez,01:05.0,,,Super Saver
7/27/2019,4,MSW,,5.5,Dirt,Always Misbehaving,8,8.4,0,5,Danny Gargan,Kendrick Carmouche,01:05.0,,,Into Mischief
7/27/2019,4,MSW,,5.5,Dirt,Leading West,2,38.75,0,6,Joe Sharp,Manuel Franco,01:05.1,,,Distorted Humor
7/27/2019,4,MSW,,5.5,Dirt,Acre,3,15.6,0,7,William Mott,Junior Alvarado,01:05.3,,,Blame
7/27/2019,4,MSW,,5.5,Dirt,Sonneman,9,34,0,8,Mark Hennig,Jose Lezcano,01:05.5,,,Curlin
7/27/2019,4,MSW,,5.5,Dirt,No Bad Days,1,49.5,0,9,Nicholas Zito,Tyler Gaffalione,01:06.1,,,Carpe Diem
7/27/2019,7,MSW,,8.5,Turf,Are You Kitten Me,5,5.1,0,1,Michael Maker,Jose Ortiz,01:44.3,,,Kitten's Joy
7/27/2019,7,MSW,,8.5,Turf,Sul Moon,1,13.5,0,2,William Mott,Junior Alvarado,01:44.3,,,Malibu Moon
7/27/2019,7,MSW,,8.5,Turf,Eagerly,10,2.4,1,3,Todd Pletcher,John Velazquez,01:44.5,,,American Pharoah
7/27/2019,7,MSW,,8.5,Turf,Fame to Famous,8,51.25,0,4,Edmund Davis,Manuel Franco,01:44.6,,,Tapit
7/27/2019,7,MSW,,8.5,Turf,Proven Strategies,4,7.4,0,5,Mark Casse,Tyler Gaffalione,01:44.7,WO 6/29 7,28,Sky Mesa
7/27/2019,7,MSW,,8.5,Turf,Hard Sting,6,7.8,0,6,James Jerkens,Luis Saez,01:45.1,BEL 7/6 5,21,Hard Spun
7/27/2019,7,MSW,,8.5,Turf,Crossing the Moon,9,6.2,0,7,Kenneth McPeek,Dylan Davis,01:45.2,CD 6/28 4,29,Cross Traffic
7/27/2019,7,MSW,,8.5,Turf,Mo and Go,3,18.3,0,8,Jeremiah Englehart,Joel Rosario,01:46.3,,,Uncle Mo
7/27/2019,7,MSW,,8.5,Turf,Blanket of Roses,2,6.4,0,9,Chad Brown,Javier Castellano,01:46.3,,,Lookin at Lucky
7/27/2019,7,MSW,,8.5,Turf,Bye Bye Melvin,7,9.5,0,10,H. Motion,Chris Landeros,01:47.5,,,Uncle Mo
7/28/2019,1,MSW-NY,,6,Dirt,Cleon Jones,3,2.75,0,1,Jeremiah Englehart,"Jorge Vargas, Jr.",01:11.2,BEL 6/23 6,35,Tale of the Cat
7/28/2019,1,MSW-NY,,6,Dirt,Stanhope,2,4,0,2,Claude McGaughey III,Dylan Davis,01:11.8,,,Street Sense
7/28/2019,1,MSW-NY,,6,Dirt,Macho Boy,1,3.3,0,3,Gary Contessa,Manuel Franco,01:12.1,SAR 7/14 4,14,Mucho Macho Man
7/28/2019,1,MSW-NY,,6,Dirt,Brian's Last Song,6,2.45,1,4,Todd Pletcher,Jose Ortiz,01:12.4,,,Cairo Prince
7/28/2019,1,MSW-NY,,6,Dirt,Sir Ludlow,5,31.25,0,5,Timothy Hamm,Benjamin Hernandez,01:14.8,,,Midas Touch (GB)
7/28/2019,1,MSW-NY,,6,Dirt,Fifty Cents,4,4.5,0,6,Alexis Delgado,Luis Saez,01:17.2,,,Goldencents
7/31/2019,3,MSW-NY-F,,6,Dirt,Risky Mischief,1,0.75,1,1,Jeremiah Englehart,Jose Ortiz,01:13.0,,,Into Mischief
7/31/2019,3,MSW-NY-F,,6,Dirt,Playtone,8,10.1,0,2,Eddie Kenneally,Tyler Gaffalione,01:14.3,,,Tonalist
7/31/2019,3,MSW-NY-F,,6,Dirt,E Z for You to Say,2,51,0,3,Patrick Quick,Heman Harkie,01:14.4,BEL 6/22 4,39,Majestic City
7/31/2019,3,MSW-NY-F,,6,Dirt,Aubrey Tate,4,8.3,0,4,Norm Casse,"Irad Ortiz, Jr.",01:15.0,,,Bayern
7/31/2019,3,MSW-NY-F,,6,Dirt,Sister Beauty,7,10.2,0,5,Gary Contessa,Joel Rosario,01:15.2,,,Revolutionary
7/31/2019,3,MSW-NY-F,,6,Dirt,Courageous Girl,10,27.75,0,6,David Donk,Manuel Franco,01:15.3,,,Bourbon Courage
7/31/2019,3,MSW-NY-F,,6,Dirt,Magnetique,9,5.1,0,7,Todd Pletcher,John Velazquez,01:15.4,,,Normandy Invasion
7/31/2019,3,MSW-NY-F,,6,Dirt,Mrs. Phelps,3,11.7,0,8,Richard Vega,Kendrick Carmouche,01:15.8,,,Mission Impazible
7/31/2019,3,MSW-NY-F,,6,Dirt,Smokin Hot Kiss,5,28.75,0,9,Marialice Coffey,"Ricardo Santana, Jr.",01:16.9,,,The Lumber Guy
7/31/2019,3,MSW-NY-F,,6,Dirt,Barker Lane,6,64,0,10,Edward Barker,Dylan Davis,01:18.8,,,Bellamy Road
7/31/2019,5,MSW-F,,5.5,Dirt,Girlntheyellowtaxi,3,1.95,1,1,Wesley Ward,"Irad Ortiz, Jr.",01:05.5,,,Elusive Quality
7/31/2019,5,MSW-F,,5.5,Dirt,Morality Clause,8,2.8,0,2,Raymond Handal,Manuel Franco,01:06.4,BEL 6/30 4,31,Verrazano
7/31/2019,5,MSW-F,,5.5,Dirt,Kit Kat Katie,7,5.3,0,3,Jeremiah Englehart,Javier Castellano,01:06.8,BEL 6/30 4,31,Sky Mesa
7/31/2019,5,MSW-F,,5.5,Dirt,Positive Power,1,20.2,0,4,Edmund Davis,Dylan Davis,01:07.0,BEL 7/3 5,28,Misremembered
7/31/2019,5,MSW-F,,5.5,Dirt,Darken a Day,2,13.6,0,5,Gary Contessa,Luis Saez,01:08.0,SAR 7/17 10,14,Emcee
7/31/2019,5,MSW-F,,5.5,Dirt,Central Capital,4,31.75,0,6,Leah Gyarmati,Junior Alvarado,01:08.1,,,Central Banker
7/31/2019,5,MSW-F,,5.5,Dirt,Wicked Amber,9,48.25,0,7,Randi Persaud,Heman Harkie,01:08.3,SAR 7/25 2,6,Ghostzapper
7/31/2019,5,MSW-F,,5.5,Dirt,Wicked Title,5,23.8,0,8,Chad Summers,Kendrick Carmouche,01:08.3,,,Wicked Strong
7/31/2019,5,MSW-F,,5.5,Dirt,Blessingsofliberty,6,11.6,0,9,Michael Trombetta,Tyler Gaffalione,01:08.7,,,Constitution
7/31/2019,5,MSW-F,,5.5,Dirt,Astarte Gold,10,5.7,0,10,Michael Trombetta,Jose Lezcano,01:10.7,,,Cairo Prince
7/31/2019,6,MSW-F,,5.5,Dirt,Figure of Speech,5,2.5,0,1,Chad Brown,Javier Castellano,01:05.5,,,Into Mischief
7/31/2019,6,MSW-F,,5.5,Dirt,Drop a Hint,9,14.8,0,2,D. Lukas,Manuel Franco,01:06.4,SAR 7/12 5,19,Into Mischief
7/31/2019,6,MSW-F,,5.5,Dirt,Hallajoori,6,9.6,0,3,Steven Asmussen,"Ricardo Santana, Jr.",01:06.5,,,Bayern
7/31/2019,6,MSW-F,,5.5,Dirt,One Time Around,7,33.75,0,4,Mark Hennig,Tyler Gaffalione,01:06.6,,,Empire Maker
7/31/2019,6,MSW-F,,5.5,Dirt,Slam Dunk,3,2.25,1,5,Rodolphe Brisset,Jose Ortiz,01:06.9,,,Into Mischief
7/31/2019,6,MSW-F,,5.5,Dirt,Magic Motion,8,13.2,0,6,William Mott,Junior Alvarado,01:07.0,,,Bernardini
7/31/2019,6,MSW-F,,5.5,Dirt,Gloriously,2,31.5,0,7,James Jerkens,Jose Lezcano,01:07.0,,,Mucho Macho Man
7/31/2019,6,MSW-F,,5.5,Dirt,Cairo Express,4,14.5,0,8,Joe Sharp,Luis Saez,01:07.9,,,Cairo Prince
7/31/2019,6,MSW-F,,5.5,Dirt,Tulanian,1,2.95,0,9,Thomas Amoss,"Irad Ortiz, Jr.",01:08.1,,,Twirling Candy
8/1/2019,1,MSW,,5.5,Turf,Frosted Rose,2,2.3,1,1,Michael Trombetta,Joel Rosario,01:03.2,LRL 6/28 6,34,Oxbow
8/1/2019,1,MSW,,5.5,Turf,Summer Sangria,8,3.9,0,2,Wesley Ward,John Velazquez,01:03.4,,,Maclean's Music
8/1/2019,1,MSW,,5.5,Turf,Get Smokin,1,11,0,3,Thomas Bush,Javier Castellano,01:03.5,,,Get Stormy
8/1/2019,1,MSW,,5.5,Turf,Smite,6,11,0,4,Joe Sharp,Luis Saez,01:03.5,,,Congrats
8/1/2019,1,MSW,,5.5,Turf,Saint Marco,3,22.3,0,5,Niall Saville,Kendrick Carmouche,01:03.8,,,Tonalist
8/1/2019,1,MSW,,5.5,Turf,Dan the Man Can,9,2.4,0,6,Edward Barker,Manuel Franco,01:04.0,SAR 7/18 2,14,Can the Man
8/1/2019,1,MSW,,5.5,Turf,Justintimeforwine,10,11.1,0,7,Gary Contessa,Jose Ortiz,01:04.6,SAR 7/18 2,14,Justintimeforwine
8/1/2019,1,MSW,,5.5,Turf,Mr Phil,5,16.5,0,8,James Ryerson,Tyler Gaffalione,01:04.8,,,Mr Speaker
8/1/2019,1,MSW,,5.5,Turf,Ninth of April,4,52.75,0,9,Edmund Davis,Joey Martinez,01:04.8,SAR 7/18 2,14,Shanghai Bobby
8/1/2019,1,MSW,,5.5,Turf,Strong Legacy,7,35,0,10,"Oscar Barrera, III",Luis Reyes,01:06.0,,,Strong Mandate
8/1/2019,3,MCL,,5.5,Dirt,Inside Risk,6,2.75,0,1,Todd Pletcher,"Irad Ortiz, Jr.",01:05.1,,,Street Sense
8/1/2019,3,MCL,,5.5,Dirt,Blues City,5,9.8,0,2,Linda Rice,Jose Lezcano,01:05.3,BEL 5/10 5,83,Frost Giant
8/1/2019,3,MCL,,5.5,Dirt,Vaya Con Dios,1,5.2,0,3,Eric Guillot,Dylan Davis,01:05.4,SAR 7/13 4,19,Majesticperfection
8/1/2019,3,MCL,,5.5,Dirt,Bahamian Prince,4,2.6,1,4,Kelly Breen,Paco Lopez,01:05.6,,,Bahamian Squall
8/1/2019,3,MCL,,5.5,Dirt,King of American,7,60.25,0,5,Randi Persaud,Joey Martinez,01:05.8,,,Flatter
8/1/2019,3,MCL,,5.5,Dirt,Big Royal Lineage,3,8.6,0,6,Rudy Rodriguez,Luis Saez,01:06.0,,,Bodemeister
8/1/2019,3,MCL,,5.5,Dirt,Bayern's Mirage,9,7.9,0,7,Gary Gullo,Manuel Franco,01:06.2,BEL 7/6 5,26,Bayern
8/1/2019,3,MCL,,5.5,Dirt,Feeling It,8,6.4,0,8,D. Lukas,Joel Rosario,01:06.2,ELP 6/30 5,32,Majesticperfection
8/1/2019,3,MCL,,5.5,Dirt,Determined Force,2,32,0,9,Phil Schoenthal,Jevian Toledo,01:07.1,BEL 6/28 4,34,Bellamy Road
8/2/2019,3,MSW-NY-F,,5.5,Turf,Light in the Sky,2,1.2,1,1,Linda Rice,Jose Ortiz,01:03.0,SAR 7/17 10,16,Tale of the Cat
8/2/2019,3,MSW-NY-F,,5.5,Turf,Good Credence,8,3.2,0,2,"Anthony Margotta, Jr.",John Velazquez,01:03.2,MTH 7/12 5,21,Jimmy Creed
8/2/2019,3,MSW-NY-F,,5.5,Turf,My Sassy Sarah,9,4.4,0,3,Michelle Nevin,Manuel Franco,01:03.2,,,Summer Front
8/2/2019,3,MSW-NY-F,,5.5,Turf,Imincomunicado,1,16.3,0,4,Derek Ryan,Jose Lezcano,01:03.5,,,Maclean's Music
8/2/2019,3,MSW-NY-F,,5.5,Turf,Canarsie Angel,6,21.1,0,5,Linda Dixon,Kendrick Carmouche,01:03.6,,,Big Brown
8/2/2019,3,MSW-NY-F,,5.5,Turf,Wall Eye,7,10.1,0,6,Gary Contessa,Luis Saez,01:04.2,,,Quality Road
8/2/2019,3,MSW-NY-F,,5.5,Turf,Stuy Town Baby,3,11.5,0,7,Mark Casse,Tyler Gaffalione,01:04.5,,,Bellamy Road
8/2/2019,3,MSW-NY-F,,5.5,Turf,Apollo's Abraxas,4,21.6,0,8,Kim Laudati,Benjamin Hernandez,01:04.7,SAR 7/17 10,16,Big Brown
8/2/2019,3,MSW-NY-F,,5.5,Turf,Tokyo Bay,5,10.1,0,9,Gary Gullo,Chris Landeros,01:05.9,,,Japan
8/3/2019,1,MSW,,8.5,Turf,Our Country,7,2.4,1,1,George Weaver,Manuel Franco,01:41.4,SAR 7/13 6,21,Constitution
8/3/2019,1,MSW,,8.5,Turf,Policy Option,2,9.9,0,2,Chad Brown,"Irad Ortiz, Jr.",01:42.3,,,Empire Maker
8/3/2019,1,MSW,,8.5,Turf,Silver Prospector,3,8.3,0,3,Steven Asmussen,"Ricardo Santana, Jr.",01:42.3,BEL 7/6 5,28,Declaration of War
8/3/2019,1,MSW,,8.5,Turf,U S Army Corps,6,8.7,0,4,Claude McGaughey III,Joel Rosario,01:42.3,,,War Front
8/3/2019,1,MSW,,8.5,Turf,Brewmeister,4,4.5,0,5,Chad Brown,Javier Castellano,01:42.8,,,Point of Entry
8/3/2019,1,MSW,,8.5,Turf,Shamrocket,9,13,0,6,Christophe Clement,Flavien Prat,01:42.9,,,Tonalist
8/3/2019,1,MSW,,8.5,Turf,Eternal Summer,5,11.3,0,7,Todd Pletcher,Jose Ortiz,01:43.5,,,Summer Front
8/3/2019,1,MSW,,8.5,Turf,Lido Legacy,8,42.5,0,8,D. Lukas,Chris Landeros,01:43.9,,,Speightstown
8/3/2019,1,MSW,,8.5,Turf,Chimney Rock,1,3.05,0,9,Michael Maker,Luis Saez,01:44.1,BEL 6/21 7,43,Artie Schiller
8/3/2019,3,MSW,,7,Dirt,Glory Road,9,3.5,0,1,Todd Pletcher,John Velazquez,01:24.6,,,Commissioner
8/3/2019,3,MSW,,7,Dirt,This Ill Defend,7,17.8,0,2,Thomas Albertrani,Luis Reyes,01:24.6,BEL 7/4 5,30,Sky Mesa
8/3/2019,3,MSW,,7,Dirt,Atoka,8,25.5,0,3,D. Lukas,Luis Saez,01:24.6,,,Union Rags
8/3/2019,3,MSW,,7,Dirt,Height,6,19.4,0,4,William Mott,Junior Alvarado,01:25.0,,,Union Rags
8/3/2019,3,MSW,,7,Dirt,Extreme Force,2,5.9,0,5,Mark Hennig,Jose Lezcano,01:25.1,BEL 7/4 5,30,Constitution
8/3/2019,3,MSW,,7,Dirt,Amends,10,13.7,0,6,Claude McGaughey III,Joel Rosario,01:25.4,,,Uncle Mo
8/3/2019,3,MSW,,7,Dirt,Dubai Bobby,1,5.6,0,7,Jonathan Thomas,Javier Castellano,01:25.7,BEL 7/6 5,28,Shanghai Bobby
8/3/2019,3,MSW,,7,Dirt,Wayne O,4,1.7,1,8,Steven Asmussen,Jose Ortiz,01:26.9,,,Into Mischief
8/3/2019,3,MSW,,7,Dirt,Fishman,5,17.9,0,9,"James Lawrence, II",Kendrick Carmouche,01:27.1,LRL 7/11 1,23,Malibu Moon
8/3/2019,3,MSW,,7,Dirt,Indian Cross,3,21.2,0,10,Steven Asmussen,"Ricardo Santana, Jr.",01:29.6,,,Cross Traffic
8/4/2019,1,MSW-F,,7,Dirt,Daphne Moon,3,2.15,0,1,Jeremiah Englehart,Jose Ortiz,01:23.9,,,Cairo Prince
8/4/2019,1,MSW-F,,7,Dirt,Weekend Fun,6,2.4,0,2,Steven Asmussen,"Ricardo Santana, Jr.",01:24.5,CD 6/27 1,38,More Than Ready
8/4/2019,1,MSW-F,,7,Dirt,Lucky Dime,4,6.3,0,3,William Mott,Junior Alvarado,01:24.7,,,Creative Cause
8/4/2019,1,MSW-F,,7,Dirt,Pure Wow,1,2.05,1,4,John Terranova II,Joel Rosario,01:25.1,SAR 7/12 5,23,The Factor
8/4/2019,1,MSW-F,,7,Dirt,Foreign Exchange,2,19.8,0,5,D. Lukas,Luis Saez,01:25.9,SAR 7/14 1,21,Congrats
8/4/2019,1,MSW-F,,7,Dirt,Ill Will,5,11.4,0,6,Gary Contessa,Chris Landeros,01:26.9,SAR 7/21 7,14,Palace Malice
8/4/2019,4,MSW-F,,8.5,Turf,Crystalle,2,41.5,0,1,John Kimmel,Chris Landeros,01:41.2,,,Palace Malice
8/4/2019,4,MSW-F,,8.5,Turf,Sketches of Spain (IRE),4,5.4,0,2,Chad Brown,"Irad Ortiz, Jr.",01:41.5,,,Lope de Vega (IRE)
8/4/2019,4,MSW-F,,8.5,Turf,Sparkling Sky,7,2.95,0,3,Todd Pletcher,Jose Ortiz,01:41.5,,,More Than Ready
8/4/2019,4,MSW-F,,8.5,Turf,Situation Room,3,1.95,1,4,Chad Brown,Javier Castellano,01:41.7,,,Summer Front
8/4/2019,4,MSW-F,,8.5,Turf,Swanage,5,6,0,5,Michael Maker,Luis Saez,01:41.8,ELP 7/5 5,30,English Channel
8/4/2019,4,MSW-F,,8.5,Turf,Miss My Macho,9,27,0,6,Katherine Ritvo,Rajiv Maragh,01:42.0,SAR 7/21 7,14,Mucho Macho Man
8/4/2019,4,MSW-F,,8.5,Turf,Livin At the Beach,6,7.9,0,7,Christophe Clement,Dylan Davis,01:42.1,BEL 6/30 4,35,Treasure Beach (GB)
8/4/2019,4,MSW-F,,8.5,Turf,Bridal Path,1,10,0,8,Claude McGaughey III,Joel Rosario,01:42.4,,,Hard Spun
8/4/2019,4,MSW-F,,8.5,Turf,Osaka Girl,8,21.5,0,9,Brian Lynch,Manuel Franco,01:44.0,,,First Samurai
8/4/2019,10,GRD-F,Adirondack S.,6.5,Dirt,Perfect Alibi,3,6.7,0,1,Mark Casse,"Irad Ortiz, Jr.",01:18.4,BEL 6/6 7,59,Sky Mesa
8/4/2019,10,GRD-F,Adirondack S.,6.5,Dirt,Frank's Rockette,2,0.7,1,2,William Mott,Julien Leparoux,01:18.5,CD 6/21 1,44,Into Mischief
8/4/2019,10,GRD-F,Adirondack S.,6.5,Dirt,Magic Dance,8,2.35,0,3,Steven Asmussen,"Ricardo Santana, Jr.",01:18.7,CD 6/29 10,36,More Than Ready
8/4/2019,10,GRD-F,Adirondack S.,6.5,Dirt,Miss Peppina,6,10.4,0,4,Gary Gullo,Joel Rosario,01:18.8,BEL 7/3 5,32,Bayern
8/4/2019,10,GRD-F,Adirondack S.,6.5,Dirt,Big Q,1,60.25,0,5,Gary Gullo,Jose Lezcano,01:19.5,SAR 7/11 5,24,Big Brown
8/4/2019,10,GRD-F,Adirondack S.,6.5,Dirt,Mylastfirstkiss,5,83,0,6,Anthony Quartarolo,Chris Landeros,01:19.7,SAR 7/12 5,23,Flatter
8/4/2019,10,GRD-F,Adirondack S.,6.5,Dirt,Integral,4,24.25,0,7,Todd Pletcher,John Velazquez,01:23.3,SAR 7/11 8,24,Algorithms
8/4/2019,10,GRD-F,Adirondack S.,6.5,Dirt,Just Fly,7,42,0,8,Joe Sharp,Luis Saez,01:27.5,SAR 7/17 5,18,Justin Phillip
8/7/2019,5,MSW-NY-F,,6.5,Dirt,Thea's Theme,2,2.25,0,1,Jeremiah Englehart,Jose Ortiz,01:19.2,,,Bayern
8/7/2019,5,MSW-NY-F,,6.5,Dirt,Critical Value,6,10.8,0,2,Jeremiah Englehart,Junior Alvarado,01:19.2,,,Bodemeister
8/7/2019,5,MSW-NY-F,,6.5,Dirt,Funnypointofview,1,11.3,0,3,James Ryerson,Tyler Gaffalione,01:20.2,BEL 6/23 2,45,D'Funnybone
8/7/2019,5,MSW-NY-F,,6.5,Dirt,Saratoga Beauty,5,1.95,1,4,Patrick McBurney,Paco Lopez,01:20.7,,,Macho Uno
8/7/2019,5,MSW-NY-F,,6.5,Dirt,Rewarded,4,43.5,0,5,Michael Lauer,Manuel Franco,01:21.8,SAR 7/11 5,27,Central Banker
8/7/2019,5,MSW-NY-F,,6.5,Dirt,Lady Kaza,7,4.3,0,6,Chad Brown,Javier Castellano,01:22.6,,,Congrats
8/7/2019,5,MSW-NY-F,,6.5,Dirt,A d'Oro,8,15.6,0,7,Brad Cox,Kendrick Carmouche,01:22.8,,,Alpha
8/7/2019,5,MSW-NY-F,,6.5,Dirt,Graphite Dutchess,9,9.7,0,8,Bruce Brown,Luis Saez,01:24.2,,,Palace Malice
8/7/2019,5,MSW-NY-F,,6.5,Dirt,Bella Invasion,3,47.5,0,9,Randi Persaud,Samuel Jimenez,01:24.2,,,Normandy Invasion
8/8/2019,5,MSW-NY,,6.5,Dirt,Tiz the Law,3,3.55,0,1,Barclay Tagg,Junior Alvarado,01:18.0,,,Constitution
8/8/2019,5,MSW-NY,,6.5,Dirt,Dream Bigger,7,1.5,1,2,Rudy Rodriguez,John Velazquez,01:18.7,,,Mission Impazible
8/8/2019,5,MSW-NY,,6.5,Dirt,Brilliant Brooks,6,4.3,0,3,Jeremiah Englehart,Jose Ortiz,01:20.9,,,Candy Ride (ARG)
8/8/2019,5,MSW-NY,,6.5,Dirt,Disco Deano,5,31,0,4,M. Ferraro,Jaime Rodriguez,01:22.2,,,Verrazano
8/8/2019,5,MSW-NY,,6.5,Dirt,Dangerous Edge,8,4,0,5,George Weaver,Eric Cancel,01:22.6,,,Competitive Edge
8/8/2019,5,MSW-NY,,6.5,Dirt,Geta Lode of Lucky,2,19.2,0,6,Danny Gargan,Kendrick Carmouche,01:23.8,,,Girolamo
8/8/2019,5,MSW-NY,,6.5,Dirt,Perpetrate,4,11.3,0,7,Michael Stidham,Tyler Gaffalione,01:24.3,,,Distorted Humor
8/8/2019,5,MSW-NY,,6.5,Dirt,Forever Wicked,1,31,0,8,Randi Persaud,Rajiv Maragh,01:24.9,,,Wicked Strong
8/9/2019,4,MSW-NY,,5.5,Turf,Fly Fly Away,8,1.85,1,1,Christophe Clement,"Irad Ortiz, Jr.",01:02.5,SAR 7/18 5,22,First Samurai
8/9/2019,4,MSW-NY,,5.5,Turf,First Deputy,3,4.6,0,2,Linda Rice,Jose Ortiz,01:02.5,,,Awesome Again
8/9/2019,4,MSW-NY,,5.5,Turf,Shandian,6,3.55,0,3,Gary Contessa,Javier Castellano,01:02.8,SAR 7/18 5,22,Emcee
8/9/2019,4,MSW-NY,,5.5,Turf,Kierkegaard,10,4.6,0,4,Jack Sisterson,Joel Rosario,01:02.8,,,Freud
8/9/2019,4,MSW-NY,,5.5,Turf,Go Rudy Go,1,10.4,0,5,Rudy Rodriguez,Jose Lezcano,01:03.0,,,Warrior's Reward
8/9/2019,4,MSW-NY,,5.5,Turf,Lord Camden,9,6.7,0,6,Mark Casse,Tyler Gaffalione,01:03.0,,,Freud
8/9/2019,4,MSW-NY,,5.5,Turf,Very Replaceable,4,25.5,0,7,M. Ferraro,Jaime Rodriguez,01:03.4,,,Normandy Invasion
8/9/2019,4,MSW-NY,,5.5,Turf,Love Me Tomorrow,5,6.4,0,8,Wesley Ward,Dylan Davis,01:03.5,SAR 7/11 5,29,Mineshaft
8/9/2019,4,MSW-NY,,5.5,Turf,Perfect Banker,2,34,0,9,Thomas Albertrani,Eric Cancel,01:03.5,,,Central Banker
8/9/2019,4,MSW-NY,,5.5,Turf,Stone Guitar,7,32.5,0,10,Gary Contessa,Kendrick Carmouche,01:03.6,,,Bustin Stones
8/9/2019,6,MSW-F,,5.5,Turf,Voting Agreement,4,3,0,1,Chad Brown,Javier Castellano,01:01.9,,,More Than Ready
8/9/2019,6,MSW-F,,5.5,Turf,Boston Beauties (IRE),6,10.7,0,2,Todd Pletcher,Luis Saez,01:02.2,,,Zoffany (IRE)
8/9/2019,6,MSW-F,,5.5,Turf,Indochine,7,3.65,0,3,Chad Brown,"Irad Ortiz, Jr.",01:02.4,,,War Front
8/9/2019,6,MSW-F,,5.5,Turf,Love of My Heart,3,15.1,0,4,Mark Casse,Tyler Gaffalione,01:02.6,,,Colonel John
8/9/2019,6,MSW-F,,5.5,Turf,Leaveuwithasmile,1,20.5,0,5,Jeremiah Englehart,"Ricardo Santana, Jr.",01:02.6,,,Conveyance
8/9/2019,6,MSW-F,,5.5,Turf,Star Command,9,20.5,0,6,Claude McGaughey III,Dylan Davis,01:02.8,,,Orb
8/9/2019,6,MSW-F,,5.5,Turf,Our Little Jewel,5,21,0,7,Michael Trombetta,Joel Rosario,01:02.9,,,Hat Trick (JPN)
8/9/2019,6,MSW-F,,5.5,Turf,She's Into Me,2,7.6,0,8,Jorge Abreu,Jose Ortiz,01:03.1,,,Into Mischief
8/9/2019,6,MSW-F,,5.5,Turf,Divided Sky (IRE),8,2.3,1,9,Wesley Ward,John Velazquez,01:03.1,,,Society Rock (IRE)
8/9/2019,6,MSW-F,,5.5,Turf,La Negrita,10,38.5,0,10,Rudy Rodriguez,Manuel Franco,01:03.7,,,Fed Biz
8/10/2019,3,MSW,,8.5,Turf,Decorated Invader,5,1.25,1,1,Christophe Clement,Junior Alvarado,01:41.3,SAR 7/13 6,28,Declaration of War
8/10/2019,3,MSW,,8.5,Turf,Summer to Remember,1,2.5,0,2,Todd Pletcher,Manuel Franco,01:41.9,,,Summer Front
8/10/2019,3,MSW,,8.5,Turf,Fame to Famous,6,4.3,0,3,Edmund Davis,Luis Saez,01:41.9,SAR 7/27 7,14,Tapit
8/10/2019,3,MSW,,8.5,Turf,Glynn County,7,21.7,0,4,James Toner,Kendrick Carmouche,01:42.2,,,Kitten's Joy
8/10/2019,3,MSW,,8.5,Turf,No Bad Days,8,30,0,5,Nicholas Zito,Tyler Gaffalione,01:42.8,SAR 7/27 4,14,Carpe Diem
8/10/2019,3,MSW,,8.5,Turf,My Sacred Place,3,10,0,6,Jason Servis,Jose Lezcano,01:43.4,MTH 7/13 6,28,Temple City
8/10/2019,3,MSW,,8.5,Turf,City Guy,2,53,0,7,Philip Gleaves,Dylan Davis,01:43.4,BEL 7/6 5,35,Temple City
8/10/2019,3,MSW,,8.5,Turf,Yukon Eric,4,9.4,0,8,Linda Rice,Jose Ortiz,01:46.4,,,Will Take Charge
8/10/2019,5,MSW,,6,Dirt,Tumbling Sky,7,2.05,0,1,Steven Asmussen,"Ricardo Santana, Jr.",01:09.9,,,Competitive Edge
8/10/2019,5,MSW,,6,Dirt,Bellavia,8,22.8,0,2,Jena Antonucci,Tyler Gaffalione,01:10.1,,,Honor Code
8/10/2019,5,MSW,,6,Dirt,Famished,5,11.6,0,3,John Kimmel,Joel Rosario,01:10.3,,,Uncle Mo
8/10/2019,5,MSW,,6,Dirt,Irish Front,1,8,0,4,Todd Pletcher,Manuel Franco,01:10.6,,,Summer Front
8/10/2019,5,MSW,,6,Dirt,Ajaaweed,3,6,0,5,Kiaran McLaughlin,Luis Saez,01:10.6,,,Curlin
8/10/2019,5,MSW,,6,Dirt,Kittansett,2,1.5,1,6,Chad Brown,Jose Ortiz,01:11.0,,,American Pharoah
8/10/2019,5,MSW,,6,Dirt,Social Afleet,4,43,0,7,Dallas Stewart,Corey Lanerie,01:12.4,,,Northern Afleet
8/10/2019,5,MSW,,6,Dirt,Ghost of the Mambo,9,18.5,0,8,William Mott,Junior Alvarado,01:12.7,,,Ghostzapper
8/10/2019,5,MSW,,6,Dirt,Good Scout,6,52.75,0,9,D. Lukas,Rajiv Maragh,01:13.0,,,Oxbow
8/10/2019,7,MSW,,6,Dirt,Gozilla,6,0.6,1,1,Steven Asmussen,"Ricardo Santana, Jr.",01:09.6,,,Flatter
8/10/2019,7,MSW,,6,Dirt,Ox Bridge,8,7.5,0,2,Todd Pletcher,Manuel Franco,01:10.3,,,Oxbow
8/10/2019,7,MSW,,6,Dirt,Sprawl,2,10.7,0,3,William Mott,Jose Ortiz,01:10.8,,,City Zip
8/10/2019,7,MSW,,6,Dirt,Prince of Caps,4,46.75,0,4,Michelle Nevin,Eric Cancel,01:11.3,,,Awesome Again
8/10/2019,7,MSW,,6,Dirt,Cardiac Kid,7,5.7,0,5,Kenneth McPeek,Julien Leparoux,01:11.7,SAR 7/13 6,28,American Pharoah
8/10/2019,7,MSW,,6,Dirt,Option Value,1,5.3,0,6,Chad Brown,Luis Saez,01:12.1,,,Into Mischief
8/10/2019,7,MSW,,6,Dirt,Hostile Witness,9,36.5,0,7,Rudy Rodriguez,Jose Lezcano,01:12.9,,,Verrazano
8/10/2019,7,MSW,,6,Dirt,Gear Jockey,5,7.5,0,8,"George Arnold, II",Junior Alvarado,01:13.1,,,Twirling Candy
8/10/2019,7,MSW,,6,Dirt,Stick Figure,3,35.5,0,9,Dale Romans,Corey Lanerie,01:13.7,,,Tiznow
8/10/2019,8,GRD,Saratoga Special S.,6.5,Dirt,Green Light Go,3,1.55,1,1,James Jerkens,Junior Alvarado,01:15.7,BEL 7/4 5,37,Hard Spun
8/10/2019,8,GRD,Saratoga Special S.,6.5,Dirt,Noose,1,2.35,0,2,Eddie Kenneally,Corey Lanerie,01:16.3,CD 6/28 4,43,More Than Ready
8/10/2019,8,GRD,Saratoga Special S.,6.5,Dirt,Tuggle,4,8.2,0,3,Jeremiah Englehart,Luis Saez,01:16.5,BEL 6/21 7,50,Point of Entry
8/10/2019,8,GRD,Saratoga Special S.,6.5,Dirt,Peruvian Boy,6,16.5,0,4,"Ignacio Correas, IV",Julien Leparoux,01:17.1,AP 7/13 4,28,Tapiture
8/10/2019,8,GRD,Saratoga Special S.,6.5,Dirt,Zyramid,2,8.1,0,5,Steven Asmussen,"Ricardo Santana, Jr.",01:17.6,SAR 7/13 4,28,City Zip
8/10/2019,8,GRD,Saratoga Special S.,6.5,Dirt,Long Weekend,5,3.95,0,6,Thomas Amoss,Joel Rosario,01:17.9,CD 6/23 2,48,Majesticperfection
8/10/2019,8,GRD,Saratoga Special S.,6.5,Dirt,Iberico,7,32.75,0,7,Antonio Sano,Tyler Gaffalione,01:19.5,GP 7/6 6,35,Dialed In
8/11/2019,3,MSW-F,,8.5,Turf,Morning Gold,7,1.35,1,1,Kenneth McPeek,Jose Ortiz,01:40.6,SAR 7/14 1,28,Morning Line
8/11/2019,3,MSW-F,,8.5,Turf,Apurate,8,4.8,0,2,Todd Pletcher,John Velazquez,01:41.4,SAR 7/12 5,30,Summer Front
8/11/2019,3,MSW-F,,8.5,Turf,Micheline,2,12.5,0,3,Michael Stidham,Jose Lezcano,01:41.6,,,Bernardini
8/11/2019,3,MSW-F,,8.5,Turf,Slip Sliding Away,1,3.75,0,4,James Toner,Joe Bravo,01:41.6,,,American Pharoah
8/11/2019,3,MSW-F,,8.5,Turf,Gran Chemin,5,9.8,0,5,Jeremiah Englehart,"Irad Ortiz, Jr.",01:41.9,,,Constitution
8/11/2019,3,MSW-F,,8.5,Turf,Leeway,3,32.5,0,6,Christophe Clement,Chris Landeros,01:42.0,,,Stroll
8/11/2019,3,MSW-F,,8.5,Turf,Windfall Profit,4,7,0,7,Claude McGaughey III,Joel Rosario,01:42.0,,,Malibu Moon
8/11/2019,3,MSW-F,,8.5,Turf,Revelment,9,47.5,0,8,Barclay Tagg,Dylan Davis,01:42.6,,,English Channel
8/11/2019,3,MSW-F,,8.5,Turf,Catherineofaragon,10,35.25,0,9,Rodolphe Brisset,Tyler Gaffalione,01:42.8,,,Bodemeister
8/11/2019,3,MSW-F,,8.5,Turf,Hard Won,6,50.25,0,10,Leah Gyarmati,Rajiv Maragh,01:43.4,,,Hard Spun
8/11/2019,6,MSW-F,,6,Dirt,Lotta Ott,3,3.6,0,1,Steven Asmussen,"Ricardo Santana, Jr.",01:10.6,SAR 7/12 5,30,Tapiture
8/11/2019,6,MSW-F,,6,Dirt,Mundaye Call,8,0.85,1,2,Don Chatlos,Jose Ortiz,01:10.6,,,Into Mischief
8/11/2019,6,MSW-F,,6,Dirt,Secondary Market,4,7.7,0,3,Chad Brown,Javier Castellano,01:11.2,,,Into Mischief
8/11/2019,6,MSW-F,,6,Dirt,Noudha,2,15.4,0,4,Todd Pletcher,John Velazquez,01:11.5,,,American Pharoah
8/11/2019,6,MSW-F,,6,Dirt,Palace Avenger,7,8.7,0,5,Wesley Ward,"Irad Ortiz, Jr.",01:11.6,BEL 7/3 5,39,Palace
8/11/2019,6,MSW-F,,6,Dirt,Velvet Crush,6,15.6,0,6,Rodolphe Brisset,Manuel Franco,01:11.8,,,Tapit
8/11/2019,6,MSW-F,,6,Dirt,Plea,5,11.2,0,7,William Mott,Junior Alvarado,01:12.0,,,Lea
8/11/2019,6,MSW-F,,6,Dirt,Nikki My Angel,1,34.5,0,8,Anthony Quartarolo,Eric Cancel,01:15.4,TDN 7/20 7,22,Shackleford
8/14/2019,2,MSW,,6,Dirt,Beyond Gone,5,0.65,1,1,Kenneth McPeek,Jose Ortiz,01:11.3,SAR 7/18 2,27,Can the Man
8/14/2019,2,MSW,,6,Dirt,Dan the Man Can,3,4.8,0,2,Edward Barker,Manuel Franco,01:11.8,SAR 8/1 1,13,Can the Man
8/14/2019,2,MSW,,6,Dirt,More Thunder,2,4.5,0,3,Steve Klesaris,Joel Rosario,01:12.1,,,Goldencents
8/14/2019,2,MSW,,6,Dirt,King of American,6,18.2,0,4,Randi Persaud,Rajiv Maragh,01:12.7,SAR 8/1 3,13,Flatter
8/14/2019,2,MSW,,6,Dirt,Mr Phil,7,18.2,0,5,James Ryerson,Tyler Gaffalione,01:13.0,SAR 8/1 1,13,Mr Speaker
8/14/2019,2,MSW,,6,Dirt,Montana Man,1,11,0,6,Dale Romans,Luis Saez,01:13.4,,,Constitution
8/14/2019,2,MSW,,6,Dirt,Stone Guitar,4,20.1,0,7,Gary Contessa,Kendrick Carmouche,01:13.7,SAR 8/9 4,5,Bustin Stones
8/14/2019,6,MSW-NY-F,,8.5,Turf,English Breeze,5,9.4,0,1,David Donk,Manuel Franco,01:42.5,,,English Channel
8/14/2019,6,MSW-NY-F,,8.5,Turf,Sainte Mere Eglise,2,23.2,0,2,Thomas Bush,Junior Alvarado,01:43.3,,,Noble Mission (GB)
8/14/2019,6,MSW-NY-F,,8.5,Turf,Mazal Eighteen,10,7.7,0,3,Patrick Reynolds,"Irad Ortiz, Jr.",01:43.6,SAR 7/24 3,21,Will Take Charge
8/14/2019,6,MSW-NY-F,,8.5,Turf,Kiss and Run,9,7.6,0,4,Cherie DeVaux,Jose Lezcano,01:43.6,,,Carpe Diem
8/14/2019,6,MSW-NY-F,,8.5,Turf,Dustinthewind,7,24.75,0,5,Edmund Davis,Joe Bravo,01:43.8,SAR 7/24 3,21,Mission Impazible
8/14/2019,6,MSW-NY-F,,8.5,Turf,Astoria Kitten,3,1,1,6,Danny Gargan,Kendrick Carmouche,01:43.8,,,Kitten's Joy
8/14/2019,6,MSW-NY-F,,8.5,Turf,Sister Beauty,8,15.5,0,7,Gary Contessa,Joel Rosario,01:44.0,SAR 7/31 3,14,Revolutionary
8/14/2019,6,MSW-NY-F,,8.5,Turf,Big Bounty,1,22.1,0,8,Leah Gyarmati,Jose Ortiz,01:44.0,,,Posse
8/14/2019,6,MSW-NY-F,,8.5,Turf,Devils Rendezvous,6,5.3,0,9,Gary Contessa,Tyler Gaffalione,01:44.7,SAR 7/17 5,28,Daredevil
8/14/2019,6,MSW-NY-F,,8.5,Turf,More Than Silver,4,40.5,0,10,Leah Gyarmati,Rajiv Maragh,01:45.9,SAR 7/24 3,21,More Than Ready
8/14/2019,7,STK-F,Bolton Landing S.,5.5,Turf,Kimari,4,0.25,1,1,Wesley Ward,John Velazquez,01:01.4,ASC 6/19,56,Munnings
8/14/2019,7,STK-F,Bolton Landing S.,5.5,Turf,Abscond,3,5.7,0,2,Eddie Kenneally,Javier Castellano,01:02.0,ELP 7/21 4,24,Blame
8/14/2019,7,STK-F,Bolton Landing S.,5.5,Turf,Champagne Humor,5,13.5,0,3,Antonio Sano,Luca Panici,01:02.2,GP 5/25 5,81,Distorted Humor
8/14/2019,7,STK-F,Bolton Landing S.,5.5,Turf,Vast,1,6.9,0,4,William Mott,Junior Alvarado,01:02.5,SAR 7/12 5,33,Lea
8/14/2019,7,STK-F,Bolton Landing S.,5.5,Turf,Classy Sadie,6,23.3,0,5,Gary Contessa,Tyler Gaffalione,01:02.5,SAR 7/18 3,27,Emcee
8/14/2019,7,STK-F,Bolton Landing S.,5.5,Turf,Persian Queen,2,31.5,0,6,Carlos Martin,Luis Saez,01:03.5,SAR 7/25 2,20,Union Rags
8/15/2019,2,MSW-F,,6,Dirt,British Idiom,3,3.5,1,1,Brad Cox,Javier Castellano,01:10.0,,,Flashback
8/15/2019,2,MSW-F,,6,Dirt,Miss Marissa,2,14.5,0,2,James Ryerson,Dylan Davis,01:10.6,SAR 7/14 1,32,He's Had Enough
8/15/2019,2,MSW-F,,6,Dirt,Ain't None Lucky,6,3.8,0,3,Lacey Gaudet,"Irad Ortiz, Jr.",01:10.7,SAR 7/17 5,29,Candy Ride (ARG)
8/15/2019,2,MSW-F,,6,Dirt,Miraculousblessing,7,8.2,0,4,Kelsey Danner,Tyler Gaffalione,01:11.5,,,Rattlesnake Bridge
8/15/2019,2,MSW-F,,6,Dirt,Esther's Fortune,8,7.5,0,5,Bruce Levine,Jose Ortiz,01:12.2,,,Super Saver
8/15/2019,2,MSW-F,,6,Dirt,Little Farina,1,14,0,6,Rudy Rodriguez,Manuel Franco,01:12.9,,,Astrology
8/15/2019,2,MSW-F,,6,Dirt,Surprise Arrival,5,32.5,0,7,Michael Maker,Jose Lezcano,01:12.9,,,Lea
8/15/2019,2,MSW-F,,6,Dirt,Cherokee Song,9,65.75,0,8,Randi Persaud,Samuel Jimenez,01:14.1,,,Pioneerof the Nile
8/15/2019,2,MSW-F,,6,Dirt,Tetrahydro,4,5.5,0,9,Dale Romans,Luis Saez,01:14.1,,,Daredevil
8/15/2019,2,MSW-F,,6,Dirt,Talk You Out of It,10,3.75,0,10,Bruce Brown,Junior Alvarado,01:17.8,BEL 7/3 5,43,Overanalyze
8/15/2019,4,MSW,,5.5,Turf,Mystic Lancelot,4,1.8,1,1,Todd Pletcher,John Velazquez,01:01.1,,,Into Mischief
8/15/2019,4,MSW,,5.5,Turf,Art Collector,8,7.1,0,2,Joe Sharp,Luis Saez,01:01.5,,,Bernardini
8/15/2019,4,MSW,,5.5,Turf,Buy Land and See,1,11.6,0,3,Steve Klesaris,Jose Lezcano,01:01.7,,,Cairo Prince
8/15/2019,4,MSW,,5.5,Turf,Aye Aye Sir,6,5.6,0,4,Wesley Ward,"Irad Ortiz, Jr.",01:01.8,,,Midshipman
8/15/2019,4,MSW,,5.5,Turf,Croi Mor,5,10.6,0,5,Todd Pletcher,Javier Castellano,01:01.9,,,Honor Code
8/15/2019,4,MSW,,5.5,Turf,Relentless Dancer,2,3.5,0,6,Michael Maker,Jose Ortiz,01:01.9,,,Midshipman
8/15/2019,4,MSW,,5.5,Turf,Pharoah Cat,3,22.7,0,7,D. Lukas,Luis Reyes,01:02.2,SAR 7/13 4,33,American Pharoah
8/15/2019,4,MSW,,5.5,Turf,Katama Bay,7,18.5,0,8,Brad Cox,Joel Rosario,01:02.2,,,Flatter
8/15/2019,4,MSW,,5.5,Turf,Mr Thrifty,9,10.9,0,9,"Robert Reid, Jr.",Kendrick Carmouche,01:03.4,SAR 7/21 8,25,Poseidon's Warrior
8/16/2019,1,MSW-NY,,8.5,Turf,Mo Ready,6,1.1,1,1,Todd Pletcher,Jose Ortiz,01:43.6,SAR 7/26 2,21,Uncle Mo
8/16/2019,1,MSW-NY,,8.5,Turf,Maxwell Esquire,2,5.6,0,2,Christophe Clement,"Irad Ortiz, Jr.",01:43.8,,,Discreet Cat
8/16/2019,1,MSW-NY,,8.5,Turf,Turbo Drive,4,7.3,0,3,Michael Maker,Dylan Davis,01:44.0,SAR 7/18 5,29,Teuflesberg
8/16/2019,1,MSW-NY,,8.5,Turf,Noble Emotion,3,21.1,0,4,Jonathan Thomas,Javier Castellano,01:44.0,,,Noble Mission (GB)
8/16/2019,1,MSW-NY,,8.5,Turf,Barleewon,1,4.2,0,5,Michael Stidham,John Velazquez,01:44.1,SAR 7/18 5,29,Animal Kingdom
8/16/2019,1,MSW-NY,,8.5,Turf,Inside Info,7,11.5,0,6,George Weaver,Manuel Franco,01:44.5,,,Mission Impazible
8/16/2019,1,MSW-NY,,8.5,Turf,Driftwood,9,11.7,0,7,Kenneth McPeek,Julien Leparoux,01:44.8,SAR 7/26 2,21,Courageous Cat
8/16/2019,1,MSW-NY,,8.5,Turf,Managing Risk,10,1.1,1,8,Rudy Rodriguez,Rajiv Maragh,01:45.5,AQU 4/19 1,119,Micromanage
8/16/2019,1,MSW-NY,,8.5,Turf,Kobe,5,31.75,0,9,Gary Contessa,Tyler Gaffalione,01:46.2,SAR 7/26 2,21,Japan
8/16/2019,1,MSW-NY,,8.5,Turf,Victory Built,8,39.5,0,10,Michael Maker,Luis Saez,01:48.5,,,Big Brown
8/16/2019,9,STK,Skidmore S.,5.5,Turf,Another Miracle,3,2.55,0,1,Gary Contessa,Manuel Franco,01:01.6,SAR 7/24 6,23,American Pharoah
8/16/2019,9,STK,Skidmore S.,5.5,Turf,Proven Strategies,2,10.7,0,2,Mark Casse,Tyler Gaffalione,01:01.9,SAR 7/27 7,20,Sky Mesa
8/16/2019,9,STK,Skidmore S.,5.5,Turf,Montauk Daddy,6,0.85,1,3,Linda Rice,Jose Lezcano,01:01.9,BEL 7/6 5,41,Daddy Long Legs
8/16/2019,9,STK,Skidmore S.,5.5,Turf,Memorable,1,20.2,0,4,Steven Asmussen,"Ricardo Santana, Jr.",01:02.4,SAR 7/13 3,34,Uncle Mo
8/16/2019,9,STK,Skidmore S.,5.5,Turf,Now Is,8,24.25,0,5,Philip Gleaves,John Velazquez,01:02.8,MTH 8/3 10,13,Sidney's Candy
8/16/2019,9,STK,Skidmore S.,5.5,Turf,Venerate,7,32.5,0,6,Antonio Sano,"Irad Ortiz, Jr.",01:03.0,GP 7/4 2,43,Treasure Beach (GB)
8/16/2019,9,STK,Skidmore S.,5.5,Turf,Frosted Rose,5,6.1,0,7,Michael Trombetta,Joel Rosario,01:03.1,SAR 8/1 1,15,Oxbow
8/16/2019,9,STK,Skidmore S.,5.5,Turf,River Hawk,4,29.75,0,8,Edward Allard,Jose Ortiz,01:03.1,LRL 8/1 2,15,Treasure Beach (GB)
8/17/2019,1,MSW,,7,Dirt,Acre,5,5.2,0,1,William Mott,Junior Alvarado,01:23.1,SAR 7/27 4,21,Blame
8/17/2019,1,MSW,,7,Dirt,Market Impact,1,1.3,1,2,Chad Brown,Javier Castellano,01:23.7,,,Carpe Diem
8/17/2019,1,MSW,,7,Dirt,Yankee Empire,3,5.8,0,3,John Kimmel,Chris Landeros,01:23.9,SAR 7/21 8,27,Cairo Prince
8/17/2019,1,MSW,,7,Dirt,Leading West,2,7.5,0,4,Joe Sharp,Manuel Franco,01:24.1,SAR 7/27 4,21,Distorted Humor
8/17/2019,1,MSW,,7,Dirt,Fort McHenry,4,1.95,0,5,Todd Pletcher,Jose Ortiz,01:25.4,,,Tapit
8/17/2019,7,MSW,,6.5,Dirt,American Butterfly,3,22.1,0,1,D. Lukas,Luis Saez,01:17.1,SAR 7/21 8,27,American Pharoah
8/17/2019,7,MSW,,6.5,Dirt,Irish Mias,6,2.4,0,2,H. Motion,Rajiv Maragh,01:17.5,SAR 7/24 6,24,Sky Mesa
8/17/2019,7,MSW,,6.5,Dirt,Candy Tycoon,4,0.85,1,3,Todd Pletcher,Jose Ortiz,01:17.8,,,Twirling Candy
8/17/2019,7,MSW,,6.5,Dirt,Unprecedented,5,28.75,0,4,John Kimmel,Tyler Gaffalione,01:17.8,,,Bayern
8/17/2019,7,MSW,,6.5,Dirt,Excession,7,30.25,0,5,Steven Asmussen,"Ricardo Santana, Jr.",01:17.9,SAR 7/21 8,27,Union Rags
8/17/2019,7,MSW,,6.5,Dirt,Eagles Palace,2,21.2,0,6,William Mott,Junior Alvarado,01:18.0,SAR 7/21 8,27,Palace Malice
8/17/2019,7,MSW,,6.5,Dirt,Cost Basis,1,5.7,0,7,Chad Brown,Javier Castellano,01:18.8,,,Into Mischief
8/17/2019,7,MSW,,6.5,Dirt,Feisty Bird,9,19.3,0,8,Ian Wilkes,Chris Landeros,01:19.0,,,Curlin
8/17/2019,7,MSW,,6.5,Dirt,African Heritage,8,62.5,0,9,Jaime Mejia,Jose Gallego,01:19.0,,,Cairo Prince
8/18/2019,3,MSW-F,,7,Dirt,Sharing,5,2.55,0,1,H. Motion,Manuel Franco,01:24.3,SAR 7/21 7,28,Speightstown
8/18/2019,3,MSW-F,,7,Dirt,Good Shabbos,4,1.9,1,2,Jeremiah Englehart,Luis Saez,01:25.3,SAR 7/12 5,37,Munnings
8/18/2019,3,MSW-F,,7,Dirt,Make Or Break,2,41.75,0,3,Mark Hennig,Chris Landeros,01:26.1,,,Flatter
8/18/2019,3,MSW-F,,7,Dirt,Gloriously,7,6.8,0,4,James Jerkens,Jose Lezcano,01:26.8,SAR 7/31 6,18,Mucho Macho Man
8/18/2019,3,MSW-F,,7,Dirt,In Good Spirits,3,13.5,0,5,"Albert Stall, Jr.",Tyler Gaffalione,01:26.8,,,Ghostzapper
8/18/2019,3,MSW-F,,7,Dirt,Americano Girl,1,2,0,6,Chad Brown,"Irad Ortiz, Jr.",01:27.3,,,Medaglia d'Oro
8/18/2019,3,MSW-F,,7,Dirt,Bovary,6,45.75,0,7,William Mott,Dylan Davis,01:32.8,,,First Samurai
8/18/2019,5,MCL-F,,5.5,Dirt,Shadilee,4,7.9,0,1,Todd Pletcher,Luis Saez,01:03.9,,,Declaration of War
8/18/2019,5,MCL-F,,5.5,Dirt,Palace Avenger,2,2.55,0,2,Wesley Ward,"Irad Ortiz, Jr.",01:04.4,SAR 8/11 6,7,Palace
8/18/2019,5,MCL-F,,5.5,Dirt,Wedontbelieveher,1,3.4,0,3,Anthony Quartarolo,Manuel Franco,01:04.8,SAR 7/25 2,24,Bayern
8/18/2019,5,MCL-F,,5.5,Dirt,Speed Talks,6,10.2,0,4,Gary Contessa,Tyler Gaffalione,01:05.2,SAR 7/25 2,24,Afleet Express
8/18/2019,5,MCL-F,,5.5,Dirt,Quantum Computing,3,2.45,1,5,Chad Brown,Javier Castellano,01:05.5,,,Competitive Edge
8/18/2019,5,MCL-F,,5.5,Dirt,Wicked Spirit,5,12.1,0,6,Wesley Ward,Dylan Davis,01:06.7,,,Wicked Strong
8/18/2019,5,MCL-F,,5.5,Dirt,Chaysenbryn,7,7.3,0,7,Jeremiah Englehart,Jose Ortiz,01:06.8,,,Super Saver
8/18/2019,6,MSW-F,,6.5,Dirt,Mrs. Danvers,6,0.95,1,1,Claude McGaughey III,Joel Rosario,01:15.8,SAR 7/19 5,30,Tapit
8/18/2019,6,MSW-F,,6.5,Dirt,Finite,4,3.15,0,2,Steven Asmussen,"Ricardo Santana, Jr.",01:16.0,SAR 7/19 5,30,Munnings
8/18/2019,6,MSW-F,,6.5,Dirt,Abilene Trail,7,4.1,0,3,Todd Pletcher,Luis Saez,01:16.8,,,Curlin
8/18/2019,6,MSW-F,,6.5,Dirt,Water White,2,17.2,0,4,Rudy Rodriguez,"Irad Ortiz, Jr.",01:17.6,,,Conveyance
8/18/2019,6,MSW-F,,6.5,Dirt,Striking Beauty,1,11.2,0,5,James Jerkens,Junior Alvarado,01:17.7,,,Curlin
8/18/2019,6,MSW-F,,6.5,Dirt,Bird Tycoon,8,16.3,0,6,Ian Wilkes,Chris Landeros,01:18.9,SAR 7/12 5,37,Graydar
8/18/2019,6,MSW-F,,6.5,Dirt,Melisande,5,24.25,0,7,William Mott,Jose Ortiz,01:20.0,,,Bodemeister
8/18/2019,6,MSW-F,,6.5,Dirt,Blossom Bow,3,51.25,0,8,Jaime Mejia,Jose Gallego,01:21.5,,,Oxbow
8/21/2019,3,MCL,,5.5,Dirt,Indian Cross,1,6.2,0,1,Steven Asmussen,"Ricardo Santana, Jr.",01:06.3,SAR 8/3 3,18,Cross Traffic
8/21/2019,3,MCL,,5.5,Dirt,Shackleford's Joy,6,2.4,0,2,D. Lukas,Rajiv Maragh,01:06.3,SAR 7/24 6,28,Shackleford
8/21/2019,3,MCL,,5.5,Dirt,Alex Love Candy,2,24,0,3,Randi Persaud,Heman Harkie,01:06.6,,,Candy Ride (ARG)
8/21/2019,3,MCL,,5.5,Dirt,Rejected Again,3,1.05,1,4,Gary Gullo,"Irad Ortiz, Jr.",01:07.8,BEL 6/28 4,54,Tapizar
8/21/2019,3,MCL,,5.5,Dirt,Bychance,5,8.7,0,5,Jaime Mejia,Jose Gallego,01:07.8,,,Bernardini
8/21/2019,3,MCL,,5.5,Dirt,Brady's Palace,4,6.2,0,6,George Weaver,Manuel Franco,01:08.6,,,Palace Malice
8/21/2019,5,MSW-NY-F,,5.5,Dirt,Naked Avenger,4,9.5,0,1,Timothy Hills,Luis Saez,01:05.1,,,Congrats
8/21/2019,5,MSW-NY-F,,5.5,Dirt,Jewel of Arabia,6,0.65,1,2,Christophe Clement,Joel Rosario,01:05.4,SAR 7/18 3,34,Daredevil
8/21/2019,5,MSW-NY-F,,5.5,Dirt,Never Heard of Her,7,17.2,0,3,Gary Contessa,Tyler Gaffalione,01:05.9,,,Constitution
8/21/2019,5,MSW-NY-F,,5.5,Dirt,Adorable Maya,8,19.9,0,4,Thomas Bush,Jose Lezcano,01:06.0,,,Bernardini
8/21/2019,5,MSW-NY-F,,5.5,Dirt,Be Magic,5,36.5,0,5,Rudy Rodriguez,Junior Alvarado,01:06.4,,,Frost Giant
8/21/2019,5,MSW-NY-F,,5.5,Dirt,Beyond Brown,10,7.3,0,6,David Donk,Eric Cancel,01:06.4,SAR 7/24 3,28,Big Brown
8/21/2019,5,MSW-NY-F,,5.5,Dirt,Sophie Rules,1,5.3,0,7,Jeremiah Englehart,Jose Ortiz,01:06.5,,,Emcee
8/21/2019,5,MSW-NY-F,,5.5,Dirt,Mebs Web,3,54,0,8,Nicholas Zito,Joey Martinez,01:06.7,,,Giant Surprise
8/21/2019,5,MSW-NY-F,,5.5,Dirt,Barbara's Bank,2,20.3,0,9,Eduardo Jones,Kendrick Carmouche,01:06.8,,,Bank Heist
8/21/2019,5,MSW-NY-F,,5.5,Dirt,Manage My Credit,9,32,0,10,Gary Gullo,"Irad Ortiz, Jr.",01:09.4,,,Micromanage
8/21/2019,6,MSW,,7,Dirt,Flute Maker,6,2.65,0,1,Kenneth McPeek,Jose Ortiz,01:24.5,ELP 6/30 7,52,Sky Mesa
8/21/2019,6,MSW,,7,Dirt,Like You,5,12.6,0,2,Rudy Rodriguez,Luis Reyes,01:26.3,,,Distorted Humor
8/21/2019,6,MSW,,7,Dirt,Legend of Bam,3,4.5,0,3,Rudy Rodriguez,"Irad Ortiz, Jr.",01:26.5,,,Golden Ticket
8/21/2019,6,MSW,,7,Dirt,Breed's Hill,8,8.7,0,4,Barbara Minshall,"Ricardo Santana, Jr.",01:27.1,,,Revolutionary
8/21/2019,6,MSW,,7,Dirt,Ninth of April,4,14.4,0,5,Edmund Davis,Joe Bravo,01:27.4,SAR 8/1 1,20,Shanghai Bobby
8/21/2019,6,MSW,,7,Dirt,Justintimeforwine,2,7.6,0,6,Gary Contessa,Tyler Gaffalione,01:27.8,SAR 8/1 1,20,Justin Phillip
8/21/2019,6,MSW,,7,Dirt,Smite,1,1.75,1,7,Joe Sharp,Luis Saez,01:27.9,SAR 8/1 1,20,Congrats
8/21/2019,6,MSW,,7,Dirt,Lovedisc,7,43.75,0,8,Jaime Mejia,Jose Gallego,01:30.4,,,Grey Swallow
8/22/2019,5,MSW-F,,7,Dirt,Wicked Title,3,9.1,0,1,Chad Summers,Joel Rosario,01:25.0,SAR 7/31 5,22,Wicked Strong
8/22/2019,5,MSW-F,,7,Dirt,Raggedy Annie,5,2.35,0,2,D. Lukas,Rajiv Maragh,01:25.0,SAR 7/17 5,36,Union Rags
8/22/2019,5,MSW-F,,7,Dirt,Project Whiskey,6,1.25,1,3,"Robert Reid, Jr.",Kendrick Carmouche,01:25.0,SAR 7/17 5,36,Tapizar
8/22/2019,5,MSW-F,,7,Dirt,La Negrita,2,5.3,0,4,Rudy Rodriguez,Manuel Franco,01:25.5,SAR 8/9 6,13,Fed Biz
8/22/2019,5,MSW-F,,7,Dirt,Central Capital,7,11.9,0,5,Leah Gyarmati,Junior Alvarado,01:26.2,SAR 7/31 5,22,Central Banker
8/22/2019,5,MSW-F,,7,Dirt,Sweet Leaf,1,14.3,0,6,Gary Contessa,Luis Reyes,01:26.8,,,Jimmy Creed
8/22/2019,5,MSW-F,,7,Dirt,Let It Slide,4,17.9,0,7,Bruce Brown,Michael Luzzi,01:28.3,,,Freud
8/22/2019,6,MSW,,9,Dirt,Enforceable,3,1.1,1,1,Mark Casse,Jose Ortiz,01:50.7,SAR 7/13 6,40,Tapit
8/22/2019,6,MSW,,9,Dirt,Mo and Go,4,12.5,0,2,Jeremiah Englehart,Luis Saez,01:50.8,SAR 7/27 7,26,Uncle Mo
8/22/2019,6,MSW,,9,Dirt,Lucky Curlin,2,1.1,1,3,Mark Casse,Tyler Gaffalione,01:50.9,SAR 7/21 8,32,Curlin
8/22/2019,6,MSW,,9,Dirt,Portos,6,4,0,4,Todd Pletcher,John Velazquez,01:51.2,,,Tapit
8/22/2019,6,MSW,,9,Dirt,Cowtown,5,6.4,0,5,Todd Pletcher,"Irad Ortiz, Jr.",01:52.0,,,Tonalist
8/22/2019,6,MSW,,9,Dirt,Zuzudini,7,36,0,6,Edward Barker,Dylan Davis,01:52.4,,,Bernardini
8/22/2019,6,MSW,,9,Dirt,Crossing the Moon,8,4.1,0,7,Kenneth McPeek,Joel Rosario,01:52.4,SAR 7/27 7,26,Cross Traffic
8/22/2019,6,MSW,,9,Dirt,Ghost of the Mambo,9,16.5,0,8,William Mott,Junior Alvarado,01:52.7,SAR 8/10 5,12,Ghostzapper
8/22/2019,6,MSW,,9,Dirt,Imperare,1,22.2,0,9,"Albert Stall, Jr.",Manuel Franco,01:53.7,,,Empire Maker
8/23/2019,1,MSW-NY-F,,5.5,Turf,Ava K's Girl,4,10.8,0,1,Michelle Nevin,Joel Rosario,01:03.8,,,Giant's Causeway
8/23/2019,1,MSW-NY-F,,5.5,Turf,Single Verse,8,3.5,0,2,Bruce Brown,Tyler Gaffalione,01:03.8,SAR 7/17 10,37,Mineshaft
8/23/2019,1,MSW-NY-F,,5.5,Turf,Stretchthestory,3,11.4,0,3,Christophe Clement,Junior Alvarado,01:04.1,,,Lookin at Lucky
8/23/2019,1,MSW-NY-F,,5.5,Turf,Jen's Battle,6,4,0,4,Gary Contessa,Manuel Franco,01:04.1,SAR 7/24 3,30,Declaration of War
8/23/2019,1,MSW-NY-F,,5.5,Turf,Unicorn Sally,5,39,0,5,John Kimmel,Chris Landeros,01:04.2,,,Point of Entry
8/23/2019,1,MSW-NY-F,,5.5,Turf,A Freud of Mama,2,17.6,0,6,Michael Maker,Luis Saez,01:04.4,,,Freud
8/23/2019,1,MSW-NY-F,,5.5,Turf,Deeply Analytical,1,1.5,1,7,Chad Brown,Javier Castellano,01:04.6,,,Majestic City
8/23/2019,1,MSW-NY-F,,5.5,Turf,American Song,7,17.2,0,8,Jeremiah Englehart,"Jorge Vargas, Jr.",01:04.9,SAR 7/17 10,37,Maclean's Music
8/23/2019,1,MSW-NY-F,,5.5,Turf,Desbordes,10,13.6,0,9,George Weaver,"Ricardo Santana, Jr.",01:05.0,,,Central Banker
8/23/2019,1,MSW-NY-F,,5.5,Turf,Lil Morning Star,9,91,0,10,Kim Laudati,Joey Martinez,01:05.2,SAR 7/24 3,30,Central Banker
8/23/2019,4,MSW-NY,,5.5,Dirt,Three Jokers,8,2,1,1,John Terranova II,Luis Saez,01:04.4,,,Twirling Candy
8/23/2019,4,MSW-NY,,5.5,Dirt,Tapizearance,6,17.8,0,2,Gary Contessa,Manuel Franco,01:04.8,SAR 7/18 5,36,Tapizar
8/23/2019,4,MSW-NY,,5.5,Dirt,Scilly Cay,7,3.2,0,3,Linda Rice,Jose Ortiz,01:04.8,,,Fed Biz
8/23/2019,4,MSW-NY,,5.5,Dirt,Hold My Call,9,18.1,0,4,"Robert Falcone, Jr.",Kendrick Carmouche,01:04.9,,,Hold Me Back
8/23/2019,4,MSW-NY,,5.5,Dirt,Lord Camden,4,3.3,0,5,Mark Casse,Tyler Gaffalione,01:05.4,SAR 8/9 4,14,Freud
8/23/2019,4,MSW-NY,,5.5,Dirt,True Grace,1,6.9,0,6,Christophe Clement,Joel Rosario,01:05.4,,,Competitive Edge
8/23/2019,4,MSW-NY,,5.5,Dirt,Austrian,5,17.5,0,7,D. Lukas,Joe Bravo,01:06.1,,,Freud
8/23/2019,4,MSW-NY,,5.5,Dirt,Solar Fire,2,12.4,0,8,"John Toscano, Jr.","Ricardo Santana, Jr.",01:06.5,,,Fast Anna
8/23/2019,4,MSW-NY,,5.5,Dirt,Kampai,3,29.25,0,9,Chris Englehart,Benjamin Hernandez,01:08.2,,,Central Banker
8/23/2019,7,STK-NY-F,Seeking the Ante S.,6.5,Dirt,Fierce Lady,5,1.1,1,1,Dermot Magner,Javier Castellano,01:16.7,SAR 7/18 3,36,Competitive Edge
8/23/2019,7,STK-NY-F,Seeking the Ante S.,6.5,Dirt,Time Limit,3,11.8,0,2,Michael Maker,"Irad Ortiz, Jr.",01:16.8,SAR 7/18 3,36,Bustin Stones
8/23/2019,7,STK-NY-F,Seeking the Ante S.,6.5,Dirt,My Italian Rabbi,6,2.65,0,3,Jeremiah Englehart,Luis Saez,01:17.6,SAR 7/18 3,36,Competitive Edge
8/23/2019,7,STK-NY-F,Seeking the Ante S.,6.5,Dirt,Violent Point,1,5.8,0,4,Mark Casse,John Velazquez,01:18.2,SAR 7/17 10,37,Violence
8/23/2019,7,STK-NY-F,Seeking the Ante S.,6.5,Dirt,Big Q,2,4.2,0,5,Gary Gullo,Jose Lezcano,01:18.5,SAR 8/4 10,19,Big Brown
8/23/2019,7,STK-NY-F,Seeking the Ante S.,6.5,Dirt,Wharf Cat,4,31,0,6,"Oscar Barrera, III",Luis Reyes,01:21.1,FL 7/29 6,25,Majestic City
8/23/2019,8,STK-NY,Funny Cide S.,6.5,Dirt,City Man,3,2.25,1,1,Christophe Clement,Joel Rosario,01:16.9,SAR 7/18 5,36,Mucho Macho Man
8/23/2019,8,STK-NY,Funny Cide S.,6.5,Dirt,Cleon Jones,7,3.45,0,2,Jeremiah Englehart,"Jorge Vargas, Jr.",01:17.7,SAR 7/28 1,26,Tale of the Cat
8/23/2019,8,STK-NY,Funny Cide S.,6.5,Dirt,Listentoyourheart,9,5,0,3,Christophe Clement,Manuel Franco,01:17.8,SAR 7/17 2,37,Afleet Alex
8/23/2019,8,STK-NY,Funny Cide S.,6.5,Dirt,Theitalianamerican,6,10.3,0,4,Gary Contessa,Javier Castellano,01:18.0,SAR 7/17 2,37,Girolamo
8/23/2019,8,STK-NY,Funny Cide S.,6.5,Dirt,Bull of Bayern,1,20.5,0,5,Rudy Rodriguez,"Ricardo Santana, Jr.",01:18.1,BEL 6/26 6,58,Bayern
8/23/2019,8,STK-NY,Funny Cide S.,6.5,Dirt,Opportunist,5,8.6,0,6,Mark Casse,Tyler Gaffalione,01:18.1,GP 7/20 9,34,Ghostzapper
8/23/2019,8,STK-NY,Funny Cide S.,6.5,Dirt,Mission Wrapitup,4,12,0,7,Bruce Brown,Dylan Davis,01:19.1,SAR 7/17 2,37,Mission Impazible
8/23/2019,8,STK-NY,Funny Cide S.,6.5,Dirt,Sky of Hook,8,8.4,0,8,Rudy Rodriguez,Luis Saez,01:19.2,SAR 7/17 2,37,Tapiture
8/23/2019,8,STK-NY,Funny Cide S.,6.5,Dirt,No Lime,2,12,0,9,William Mott,Junior Alvarado,01:19.5,SAR 7/26 2,28,Flashback
8/24/2019,2,MSW,,6,Dirt,Tap It to Win,1,3.65,0,1,Mark Casse,Tyler Gaffalione,01:09.6,WO 7/21 7,34,Tapit
8/24/2019,2,MSW,,6,Dirt,Complexifier,3,3,0,2,Brian Lynch,"Irad Ortiz, Jr.",01:10.1,SAR 7/27 4,28,Overanalyze
8/24/2019,2,MSW,,6,Dirt,O'Trouble,5,4.7,0,3,Anthony Dutrow,John Velazquez,01:10.1,,,In Trouble
8/24/2019,2,MSW,,6,Dirt,Onward,6,11.8,0,4,Christophe Clement,Jose Ortiz,01:11.2,,,Street Sense
8/24/2019,2,MSW,,6,Dirt,Icecap,7,22.7,0,5,Steven Asmussen,"Ricardo Santana, Jr.",01:11.2,,,Carpe Diem
8/24/2019,2,MSW,,6,Dirt,Atoka,4,1.7,1,6,D. Lukas,Luis Saez,01:11.4,SAR 8/3 3,21,Union Rags
8/24/2019,2,MSW,,6,Dirt,Moonshine Now,2,13.6,0,7,Christophe Clement,Joel Rosario,01:11.4,,,Malibu Moon
8/25/2019,1,MSW-F,,6,Dirt,Wicked Whisper,1,1.6,1,1,Steven Asmussen,"Ricardo Santana, Jr.",01:10.3,,,Liam's Map
8/25/2019,1,MSW-F,,6,Dirt,Highland Glory,3,4.1,0,2,Barclay Tagg,Junior Alvarado,01:11.3,,,Sky Mesa
8/25/2019,1,MSW-F,,6,Dirt,Foreign Exchange,4,15.9,0,3,D. Lukas,Luis Saez,01:11.5,SAR 8/4 1,21,Congrats
8/25/2019,1,MSW-F,,6,Dirt,Stop Shoppin Tammy,5,2.15,0,4,Philip Bauer,Eric Cancel,01:12.1,,,Tapit
8/25/2019,1,MSW-F,,6,Dirt,Sea of Blue,2,5.8,0,5,Kiaran McLaughlin,Joel Rosario,01:12.6,,,Midshipman
8/25/2019,1,MSW-F,,6,Dirt,Wedontbelieveher,6,9.2,0,6,Anthony Quartarolo,Manuel Franco,01:13.2,SAR 8/18 5,7,Bayern
8/25/2019,7,MCL-F,,5.5,Turf,Double Down Dare,3,5.3,0,1,Steve Klesaris,Manuel Franco,01:03.5,SAR 7/17 5,39,Cross Traffic
8/25/2019,7,MCL-F,,5.5,Turf,Roman City,1,3.3,0,2,Robertino Diodoro,"Irad Ortiz, Jr.",01:03.9,,,City Zip
8/25/2019,7,MCL-F,,5.5,Turf,Wicked Amber,2,45,0,3,Randi Persaud,Heman Harkie,01:03.9,SAR 7/31 5,25,Ghostzapper
8/25/2019,7,MCL-F,,5.5,Turf,More Or Less,9,3.8,0,4,Phil Schoenthal,Kendrick Carmouche,01:04.2,,,More Than Ready
8/25/2019,7,MCL-F,,5.5,Turf,Yellen,7,3,1,5,Wesley Ward,Dylan Davis,01:04.3,CD 6/20 4,66,Fed Biz
8/25/2019,7,MCL-F,,5.5,Turf,Larry's Baby,4,12.2,0,6,D. Lukas,Luis Saez,01:04.6,SAR 7/19 5,37,Majesticperfection
8/25/2019,7,MCL-F,,5.5,Turf,Speed Talks,8,19,0,7,Gary Contessa,Tyler Gaffalione,01:05.3,SAR 8/18 5,7,Afleet Express
8/25/2019,7,MCL-F,,5.5,Turf,Bow Maker,5,9,0,8,Linda Rice,Jose Ortiz,01:05.8,,,Oxbow
8/25/2019,7,MCL-F,,5.5,Turf,Crack of Dawn,10,13.3,0,9,Philip Serpe,Eric Cancel,01:05.8,SAR 7/21 7,35,Bernardini
8/25/2019,7,MCL-F,,5.5,Turf,Eli Rocks,6,36.25,0,10,Thomas Morley,"Ricardo Santana, Jr.",01:06.3,,,Frost Giant
8/28/2019,6,MSW-NY,,6,Dirt,Moonachie,3,4.2,0,1,Jeremiah Englehart,Jose Ortiz,01:10.8,,,Central Banker
8/28/2019,6,MSW-NY,,6,Dirt,Unrelenting Force,1,64.25,0,2,Thomas Morley,Junior Alvarado,01:12.3,,,Carpe Diem
8/28/2019,6,MSW-NY,,6,Dirt,Chowda,10,36.5,0,3,Gary Sciacca,Eric Cancel,01:12.5,,,Emcee
8/28/2019,6,MSW-NY,,6,Dirt,Blame the Cake,8,1.95,1,4,Ian Wilkes,Julien Leparoux,01:12.5,SAR 7/14 4,45,Blame
8/28/2019,6,MSW-NY,,6,Dirt,Cryptographer,9,17.3,0,5,Rudy Rodriguez,Luis Saez,01:12.7,,,Honor Code
8/28/2019,6,MSW-NY,,6,Dirt,Candygramformongo,6,12.1,0,6,Steven Asmussen,"Ricardo Santana, Jr.",01:12.8,,,Majestic City
8/28/2019,6,MSW-NY,,6,Dirt,Lorenzen,4,3.5,0,7,Mark Casse,"Irad Ortiz, Jr.",01:13.3,,,Flatter
8/28/2019,6,MSW-NY,,6,Dirt,Papa King,7,4,0,8,Todd Pletcher,John Velazquez,01:13.7,BEL 5/31 2,89,Mission Impazible
8/28/2019,6,MSW-NY,,6,Dirt,Sir Ludlow,2,85.5,0,9,Timothy Hamm,Joey Martinez,01:14.8,SAR 7/28 1,31,Midas Touch (GB)
8/28/2019,6,MSW-NY,,6,Dirt,Macho Boy,5,15.3,0,10,Gary Contessa,Manuel Franco,01:15.2,SAR 7/28 1,31,Mucho Macho Man
8/28/2019,7,MSW-F,,5.5,Turf,Jazzique (IRE),4,7.7,0,1,Chad Brown,"Irad Ortiz, Jr.",01:03.2,,,Kingman (GB)
8/28/2019,7,MSW-F,,5.5,Turf,Selflessly,5,4.9,0,2,Chad Brown,Javier Castellano,01:03.2,,,More Than Ready
8/28/2019,7,MSW-F,,5.5,Turf,Tulanian,9,26,0,3,Thomas Amoss,Junior Alvarado,01:03.3,SAR 7/31 6,28,Twirling Candy
8/28/2019,7,MSW-F,,5.5,Turf,Hai Bobbi,10,5.7,0,4,Wesley Ward,Jose Ortiz,01:03.4,BEL 6/21 2,68,Shanghai Bobby
8/28/2019,7,MSW-F,,5.5,Turf,Logic N Reason,6,10,0,5,Christophe Clement,Joel Rosario,01:03.6,,,Declaration of War
8/28/2019,7,MSW-F,,5.5,Turf,Trash Panda,1,61,0,6,Gary Contessa,Luis Saez,01:03.7,,,Congrats
8/28/2019,7,MSW-F,,5.5,Turf,Swirling Candy,3,12.7,0,7,George Weaver,Eric Cancel,01:03.7,,,Twirling Candy
8/28/2019,7,MSW-F,,5.5,Turf,Nic and Zoe,7,1.25,1,8,Wesley Ward,John Velazquez,01:03.9,,,Street Boss
8/28/2019,7,MSW-F,,5.5,Turf,Morality Clause,2,11.7,0,9,Raymond Handal,Manuel Franco,01:03.9,SAR 7/31 5,28,Verrazano
8/28/2019,7,MSW-F,,5.5,Turf,Coin the Phrase,8,41.25,0,10,James Toner,Kendrick Carmouche,01:03.9,,,Goldencents
8/28/2019,9,GRD,With Anticipation S.,8.5,Turf,Fighting Seabee,4,5.3,0,1,Kenneth McPeek,"Brian Hernandez, Jr.",01:43.3,ELP 7/6 6,53,Summer Front
8/28/2019,9,GRD,With Anticipation S.,8.5,Turf,Field Pass,6,4.1,0,2,Michael Maker,Luis Saez,01:43.5,SAR 7/13 6,46,Lemon Drop Kid
8/28/2019,9,GRD,With Anticipation S.,8.5,Turf,Andesite,5,8.6,0,3,Brad Cox,Javier Castellano,01:43.7,IND 7/10 6,49,The Factor
8/28/2019,9,GRD,With Anticipation S.,8.5,Turf,Our Country,2,1.2,1,4,George Weaver,Manuel Franco,01:43.8,SAR 8/3 1,25,Constitution
8/28/2019,9,GRD,With Anticipation S.,8.5,Turf,Fly Fly Away,3,16.4,0,5,Christophe Clement,"Irad Ortiz, Jr.",01:44.0,SAR 8/9 4,19,First Samurai
8/28/2019,9,GRD,With Anticipation S.,8.5,Turf,Tuggle,1,3.35,0,6,Jeremiah Englehart,Jose Ortiz,01:44.3,SAR 8/10 8,18,Point of Entry
8/29/2019,1,MSW-NY-F,,6,Dirt,Irish Danzing,5,4.4,0,1,Christophe Clement,"Irad Ortiz, Jr.",01:10.5,,,Danza
8/29/2019,1,MSW-NY-F,,6,Dirt,Aubrey Tate,2,3.2,0,2,Norm Casse,"Ricardo Santana, Jr.",01:11.6,SAR 7/31 3,29,Bayern
8/29/2019,1,MSW-NY-F,,6,Dirt,More Glitter,4,2.2,1,3,Todd Pletcher,John Velazquez,01:11.8,,,More Than Ready
8/29/2019,1,MSW-NY-F,,6,Dirt,Tequila Fog,1,14.5,0,4,Dermot Magner,Chris Landeros,01:12.6,,,Giant Surprise
8/29/2019,1,MSW-NY-F,,6,Dirt,Bingolina,6,5.6,0,5,John Kimmel,Dylan Davis,01:13.2,,,Tapizar
8/29/2019,1,MSW-NY-F,,6,Dirt,Welsh Gold,10,11.7,0,6,Gregory Sacco,Luis Saez,01:13.6,,,Bodemeister
8/29/2019,1,MSW-NY-F,,6,Dirt,Keypit,8,10,0,7,Thomas Albertrani,Jose Lezcano,01:13.7,SAR 7/11 5,49,Congrats
8/29/2019,1,MSW-NY-F,,6,Dirt,Ama Is a Rock,9,73.5,0,8,Gary Sciacca,Eric Cancel,01:14.5,,,Frost Giant
8/29/2019,1,MSW-NY-F,,6,Dirt,Surprise Arrival,3,18.5,0,9,Michael Maker,Jose Ortiz,01:14.8,SAR 8/15 2,14,Lea
8/29/2019,1,MSW-NY-F,,6,Dirt,Barker Lane,7,74.75,0,10,Edward Barker,Heman Harkie,01:15.0,SAR 7/31 3,29,Bellamy Road
8/29/2019,7,MSW-NY-F,,6,Dirt,Critical Value,9,1.05,1,1,Jeremiah Englehart,Junior Alvarado,01:10.8,SAR 8/7 5,22,Bodemeister
8/29/2019,7,MSW-NY-F,,6,Dirt,Myawaya,3,3.05,0,2,Todd Pletcher,John Velazquez,01:11.2,SAR 7/17 5,43,Wicked Strong
8/29/2019,7,MSW-NY-F,,6,Dirt,Saratoga Beauty,6,3.95,0,3,Patrick McBurney,Paco Lopez,01:12.0,SAR 8/7 5,22,Macho Uno
8/29/2019,7,MSW-NY-F,,6,Dirt,Courageous Girl,8,9.3,0,4,David Donk,Manuel Franco,01:12.5,SAR 7/31 3,29,Bourbon Courage
8/29/2019,7,MSW-NY-F,,6,Dirt,Mebs Web,10,60,0,5,Nicholas Zito,Joey Martinez,01:12.7,SAR 8/21 5,8,Giant Surprise
8/29/2019,7,MSW-NY-F,,6,Dirt,Canarsie Angel,7,12.5,0,6,Linda Dixon,Kendrick Carmouche,01:13.1,SAR 8/2 3,27,Big Brown
8/29/2019,7,MSW-NY-F,,6,Dirt,Top Hat Invasion,1,79.25,0,7,Jeffrey Englehart,Andre Worrie,01:13.2,,,Normandy Invasion
8/29/2019,7,MSW-NY-F,,6,Dirt,Smokin Hot Kiss,4,48.5,0,8,Marialice Coffey,Eric Cancel,01:13.8,SAR 7/31 3,29,The Lumber Guy
8/29/2019,7,MSW-NY-F,,6,Dirt,Kefaliani,2,31.75,0,9,Charlton Baker,Dylan Davis,01:15.0,,,Hold Me Back
8/29/2019,7,MSW-NY-F,,6,Dirt,Bellamy Bigs,5,66.25,0,10,Edmund Davis,Michael Luzzi,01:15.6,FL 7/15 1,45,Bellamy Road
8/29/2019,9,STK-F,P. G. Johnson S.,8.5,Turf,Crystalle,5,1.65,1,1,John Kimmel,Joel Rosario,01:41.4,SAR 8/4 4,25,Palace Malice
8/29/2019,9,STK-F,P. G. Johnson S.,8.5,Turf,Sweet Melania,7,2.6,0,2,Todd Pletcher,Jose Ortiz,01:41.4,SAR 7/14 1,46,American Pharoah
8/29/2019,9,STK-F,P. G. Johnson S.,8.5,Turf,English Breeze,6,5.2,0,3,David Donk,Manuel Franco,01:41.5,SAR 8/14 6,15,English Channel
8/29/2019,9,STK-F,P. G. Johnson S.,8.5,Turf,Ginseng,2,5.1,0,4,Brad Cox,Javier Castellano,01:42.0,IND 8/6 5,23,Tiznow
8/29/2019,9,STK-F,P. G. Johnson S.,8.5,Turf,Apurate,3,5.6,0,5,Todd Pletcher,John Velazquez,01:42.2,SAR 8/11 3,18,Summer Front
8/29/2019,9,STK-F,P. G. Johnson S.,8.5,Turf,Lively Kitten,4,28.5,0,6,Daniel Velazquez,Abner Adorno,01:43.3,LRL 8/11 1,18,Kitten's Joy
8/29/2019,9,STK-F,P. G. Johnson S.,8.5,Turf,Lucky Jingle,1,25.75,0,7,H. Motion,Rajiv Maragh,01:43.3,LRL 8/10 3,19,Tonalist
8/30/2019,6,MSW-NY,,5.5,Turf,Freewheeler,4,5,0,1,Todd Pletcher,"Irad Ortiz, Jr.",01:02.9,,,City Zip
8/30/2019,6,MSW-NY,,5.5,Turf,Dante's Fire,2,43.75,0,2,Michael Maker,Manuel Franco,01:03.7,,,Temple City
8/30/2019,6,MSW-NY,,5.5,Turf,First Deputy,6,1.1,1,3,Linda Rice,Jose Ortiz,01:03.7,SAR 8/9 4,21,Awesome Again
8/30/2019,6,MSW-NY,,5.5,Turf,True Grace,5,4.5,0,4,Christophe Clement,Joel Rosario,01:03.7,SAR 8/23 4,7,Competitive Edge
8/30/2019,6,MSW-NY,,5.5,Turf,Shandian,3,3.75,0,5,Gary Contessa,Javier Castellano,01:03.8,SAR 8/9 4,21,Emcee
8/30/2019,6,MSW-NY,,5.5,Turf,My Father's Eyes,1,14.2,0,6,Steven Asmussen,"Ricardo Santana, Jr.",01:05.2,,,Forty Tales
8/30/2019,6,MSW-NY,,5.5,Turf,Box of Rain,7,12.3,0,7,Jeremiah Englehart,Luis Saez,01:06.9,,,Mineshaft
8/30/2019,7,MSW-F,,5.5,Dirt,Remain Anonymous,9,2.9,0,1,Michael Trombetta,Joel Rosario,01:04.7,,,Tapiture
8/30/2019,7,MSW-F,,5.5,Dirt,Sixth Street,1,9,0,2,Mark Hennig,Luis Saez,01:05.3,,,Tapit
8/30/2019,7,MSW-F,,5.5,Dirt,Kansas Kis,2,33.5,0,3,Raymond Handal,Dylan Davis,01:05.3,,,Constitution
8/30/2019,7,MSW-F,,5.5,Dirt,Drop a Hint,8,5.3,0,4,D. Lukas,Manuel Franco,01:05.6,SAR 7/31 6,30,Into Mischief
8/30/2019,7,MSW-F,,5.5,Dirt,Leaveuwithasmile,3,7.5,0,5,Jeremiah Englehart,"Jorge Vargas, Jr.",01:05.7,SAR 8/9 6,21,Conveyance
8/30/2019,7,MSW-F,,5.5,Dirt,Hallajoori,6,2.4,1,6,Steven Asmussen,"Ricardo Santana, Jr.",01:05.9,SAR 7/31 6,30,Bayern
8/30/2019,7,MSW-F,,5.5,Dirt,Snaffle,4,11.7,0,7,Kenneth McPeek,Jose Ortiz,01:05.9,,,Distorted Humor
8/30/2019,7,MSW-F,,5.5,Dirt,Superbloodwolfmoon,5,6.5,0,8,Rudy Rodriguez,"Irad Ortiz, Jr.",01:06.1,,,Malibu Moon
8/30/2019,7,MSW-F,,5.5,Dirt,Kemba,7,33.25,0,9,Raymond Handal,Javier Castellano,01:06.6,,,Hard Spun
8/31/2019,1,MSW,,8.5,Turf,Structor,4,1.15,1,1,Chad Brown,"Irad Ortiz, Jr.",01:44.2,,,Palace Malice
8/31/2019,1,MSW,,8.5,Turf,Sul Moon,6,2.2,0,2,William Mott,Junior Alvarado,01:44.4,SAR 7/27 7,35,Malibu Moon
8/31/2019,1,MSW,,8.5,Turf,Eternal Summer,5,13.1,0,3,Todd Pletcher,John Velazquez,01:44.9,SAR 8/3 1,28,Summer Front
8/31/2019,1,MSW,,8.5,Turf,Scanno,3,27.5,0,4,Thomas Albertrani,Luis Saez,01:45.0,,,Bernardini
8/31/2019,1,MSW,,8.5,Turf,Myamanoi,2,20.1,0,5,Danny Gargan,Kendrick Carmouche,01:45.2,,,Temple City
8/31/2019,1,MSW,,8.5,Turf,King's Honor (IRE),1,9.6,0,6,Jonathan Thomas,Javier Castellano,01:45.3,,,Kingman (GB)
8/31/2019,1,MSW,,8.5,Turf,Hard Sting,7,6.1,0,7,James Jerkens,Jose Ortiz,01:45.5,SAR 7/27 7,35,Hard Spun
8/31/2019,1,MSW,,8.5,Turf,Pow Wow Prince,8,30.5,0,8,Norm Casse,"Ricardo Santana, Jr.",01:46.6,,,Cairo Prince
8/31/2019,5,MSW,,7,Dirt,Famished,1,1.1,1,1,John Kimmel,Joel Rosario,01:23.8,SAR 8/10 5,21,Uncle Mo
8/31/2019,5,MSW,,7,Dirt,Sonneman,2,25.25,0,2,Mark Hennig,Jose Lezcano,01:24.0,SAR 7/27 4,35,Curlin
8/31/2019,5,MSW,,7,Dirt,Noble Empire,5,34.5,0,3,D. Lukas,Manuel Franco,01:24.1,,,Empire Maker
8/31/2019,5,MSW,,7,Dirt,Hometown Pride,6,12.3,0,4,Ian Wilkes,Chris Landeros,01:24.2,SAR 7/13 4,49,To Honor and Serve
8/31/2019,5,MSW,,7,Dirt,This Ill Defend,9,3.7,0,5,Thomas Albertrani,Luis Reyes,01:24.7,SAR 8/3 3,28,Sky Mesa
8/31/2019,5,MSW,,7,Dirt,Height,3,5.4,0,6,William Mott,Junior Alvarado,01:24.8,SAR 8/3 3,28,Union Rags
8/31/2019,5,MSW,,7,Dirt,Made Sense,4,8.8,0,7,Kenneth McPeek,Jose Ortiz,01:25.6,,,Street Sense
8/31/2019,5,MSW,,7,Dirt,Mud Pie,7,11.3,0,8,Richard Valentine,Kendrick Carmouche,01:26.0,,,Morning Line
8/31/2019,5,MSW,,7,Dirt,Stick Figure,8,37.25,0,9,Dale Romans,Luis Saez,01:29.8,SAR 8/10 7,21,Tiznow
8/31/2019,7,MSW,,7,Dirt,Three Technique,2,1,1,1,Jeremiah Englehart,Jose Ortiz,01:22.9,SAR 7/21 8,41,Mr Speaker
8/31/2019,7,MSW,,7,Dirt,Always Misbehaving,7,8.7,0,2,Danny Gargan,"Irad Ortiz, Jr.",01:23.8,SAR 7/27 4,35,Into Mischief
8/31/2019,7,MSW,,7,Dirt,Necker Island,1,22.9,0,3,Stanley Hough,Luis Saez,01:23.9,,,Hard Spun
8/31/2019,7,MSW,,7,Dirt,Kowalski,8,9.5,0,4,D. Lukas,Manuel Franco,01:23.9,SAR 7/27 4,35,Will Take Charge
8/31/2019,7,MSW,,7,Dirt,Wayne O,4,11.2,0,5,Steven Asmussen,"Ricardo Santana, Jr.",01:24.5,SAR 8/3 3,28,Into Mischief
8/31/2019,7,MSW,,7,Dirt,Extreme Force,3,20.3,0,6,Mark Hennig,Jose Lezcano,01:24.7,SAR 8/3 3,28,Constitution
8/31/2019,7,MSW,,7,Dirt,Mischief Afoot,5,33.25,0,7,James Toner,Joel Rosario,01:24.8,,,Into Mischief
8/31/2019,7,MSW,,7,Dirt,Tapage,9,10.9,0,8,Kiaran McLaughlin,Junior Alvarado,01:24.9,,,Tapit
8/31/2019,7,MSW,,7,Dirt,Soviet,6,3.5,0,9,Todd Pletcher,John Velazquez,01:26.0,SAR 7/27 4,35,Super Saver
8/31/2019,8,MSW,,8.5,Turf,No Word,4,3.55,0,1,Todd Pletcher,Jose Ortiz,01:40.9,,,Silent Name (JPN)
8/31/2019,8,MSW,,8.5,Turf,Gear Jockey,5,13.4,0,2,"George Arnold, II",Joel Rosario,01:41.2,SAR 8/10 7,21,Twirling Candy
8/31/2019,8,MSW,,8.5,Turf,Shamrocket,6,14.4,0,3,Christophe Clement,Dylan Davis,01:41.4,SAR 8/3 1,28,Tonalist
8/31/2019,8,MSW,,8.5,Turf,Mr Jaggers,3,1.65,1,4,William Mott,Junior Alvarado,01:41.4,SAR 7/13 6,49,Twirling Candy
8/31/2019,8,MSW,,8.5,Turf,Policy Option,2,2,0,5,Chad Brown,"Irad Ortiz, Jr.",01:41.9,SAR 8/3 1,28,Empire Maker
8/31/2019,8,MSW,,8.5,Turf,Get Set,1,10.7,0,6,Steve Klesaris,Javier Castellano,01:42.0,PRX 8/3 2,28,Awesome of Course
8/31/2019,8,MSW,,8.5,Turf,Lord Byron,7,21.3,0,7,Danny Gargan,Jose Lezcano,01:42.7,,,Bodemeister
9/1/2019,1,MSW,,5.5,Turf,Chimney Rock,6,3.65,0,1,Michael Maker,Jose Ortiz,01:02.6,SAR 8/3 1,29,Artie Schiller
9/1/2019,1,MSW,,5.5,Turf,Summer Sangria,8,1.6,1,2,Wesley Ward,John Velazquez,01:02.9,SAR 8/1 1,31,Maclean's Music
9/1/2019,1,MSW,,5.5,Turf,Bahamian Prince,4,5.6,0,3,George Weaver,"Irad Ortiz, Jr.",01:03.2,SAR 8/1 3,31,Bahamian Squall
9/1/2019,1,MSW,,5.5,Turf,Las Ramblas,9,17.4,0,4,Wesley Ward,Dylan Davis,01:03.3,,,Karakontie (JPN)
9/1/2019,1,MSW,,5.5,Turf,Big Royal Lineage,3,21.1,0,5,Rudy Rodriguez,Luis Saez,01:03.6,SAR 8/1 3,31,Bodemeister
9/1/2019,1,MSW,,5.5,Turf,Montana Man,2,17.5,0,6,Dale Romans,Kendrick Carmouche,01:03.8,SAR 8/14 2,18,Constitution
9/1/2019,1,MSW,,5.5,Turf,Brickyard,1,65.5,0,7,Peter Pugh,Luis Reyes,01:04.0,,,Take Charge Indy
9/1/2019,1,MSW,,5.5,Turf,More Thunder,5,3.15,0,8,Steve Klesaris,Joel Rosario,01:04.6,SAR 8/14 2,18,Goldencents
9/1/2019,1,MSW,,5.5,Turf,Alex Love Candy,7,29.25,0,9,Randi Persaud,Joey Martinez,01:05.1,SAR 8/21 3,11,Candy Ride (ARG)
9/1/2019,5,MCL,,5.5,Dirt,Feeling It,8,23.9,0,1,D. Lukas,Luis Reyes,01:04.8,SAR 8/1 3,31,Majesticperfection
9/1/2019,5,MCL,,5.5,Dirt,Vaya Con Dios,5,3.95,0,2,Eric Guillot,Dylan Davis,01:05.5,SAR 8/1 3,31,Majesticperfection
9/1/2019,5,MCL,,5.5,Dirt,Bayern's Mirage,7,2.5,0,3,Gary Gullo,"Irad Ortiz, Jr.",01:05.7,SAR 8/1 3,31,Bayern
9/1/2019,5,MCL,,5.5,Dirt,Aleph,1,25.5,0,4,Gary Contessa,Kendrick Carmouche,01:05.7,,,Alpha
9/1/2019,5,MCL,,5.5,Dirt,O'Bushido,4,2.4,1,5,Todd Pletcher,John Velazquez,01:06.0,,,First Samurai
9/1/2019,5,MCL,,5.5,Dirt,Forever Wicked,6,22.6,0,6,Randi Persaud,Joey Martinez,01:06.2,SAR 8/8 5,24,Wicked Strong
9/1/2019,5,MCL,,5.5,Dirt,Bongga,3,12.2,0,7,Dermot Magner,Eric Cancel,01:06.3,,,Liam's Map
9/1/2019,5,MCL,,5.5,Dirt,Bobbyfromthepalm,9,6.8,0,8,Rudy Rodriguez,Manuel Franco,01:06.4,,,Overanalyze
9/1/2019,5,MCL,,5.5,Dirt,Tipazo,2,44,0,9,Mitchell Friedman,Tyler Gaffalione,01:07.5,,,Macho Uno
9/1/2019,5,MCL,,5.5,Dirt,Florida Flash,10,14.2,0,10,Dale Romans,Luis Saez,01:07.6,,,Constitution
9/1/2019,7,MSW-F,,8.5,Turf,Sparkling Sky,6,1.35,1,1,Todd Pletcher,Jose Ortiz,01:42.3,SAR 8/4 4,28,More Than Ready
9/1/2019,7,MSW-F,,8.5,Turf,Our Little Jewel,5,10.1,0,2,Michael Trombetta,Luis Saez,01:42.7,SAR 8/9 6,23,Hat Trick (JPN)
9/1/2019,7,MSW-F,,8.5,Turf,Boxer Rebellion,2,2.2,0,3,Chad Brown,"Irad Ortiz, Jr.",01:43.1,,,Empire Maker
9/1/2019,7,MSW-F,,8.5,Turf,Laughable,1,6.8,0,4,Todd Pletcher,Tyler Gaffalione,01:43.2,,,Distorted Humor
9/1/2019,7,MSW-F,,8.5,Turf,Mirabell Mei,7,38,0,5,John Terranova II,Rajiv Maragh,01:43.3,,,Palace Malice
9/1/2019,7,MSW-F,,8.5,Turf,Malibu June,8,51.25,0,6,Leah Gyarmati,Kendrick Carmouche,01:43.5,,,Malibu Moon
9/1/2019,7,MSW-F,,8.5,Turf,Andiama,4,34.75,0,7,Cherie DeVaux,"Ricardo Santana, Jr.",01:43.7,,,Lea
9/1/2019,7,MSW-F,,8.5,Turf,Bridal Path,3,4.8,0,8,Claude McGaughey III,Joel Rosario,01:43.9,SAR 8/4 4,28,Hard Spun
9/1/2019,8,MSW-F,,7,Dirt,Alandra,7,7.4,0,1,Claude McGaughey III,Joel Rosario,01:23.3,,,Blame
9/1/2019,8,MSW-F,,7,Dirt,Slam Dunk,9,1.75,1,2,Rodolphe Brisset,Javier Castellano,01:23.4,SAR 7/31 6,32,Into Mischief
9/1/2019,8,MSW-F,,7,Dirt,Day Dayenu,1,6.7,0,3,Jorge Abreu,Manuel Franco,01:24.2,,,Into Mischief
9/1/2019,8,MSW-F,,7,Dirt,Impeccable Style,8,17.3,0,4,Kenneth McPeek,Junior Alvarado,01:24.2,,,Uncle Mo
9/1/2019,8,MSW-F,,7,Dirt,Always a Queen,4,3.6,0,5,Todd Pletcher,Jose Ortiz,01:24.4,,,Tonalist
9/1/2019,8,MSW-F,,7,Dirt,Cleopatra's Charm,5,19.9,0,6,D. Lukas,Luis Saez,01:24.6,,,Pioneerof the Nile
9/1/2019,8,MSW-F,,7,Dirt,One Time Around,3,12.2,0,7,Mark Hennig,Tyler Gaffalione,01:25.7,SAR 7/31 6,32,Empire Maker
9/1/2019,8,MSW-F,,7,Dirt,Miss My Macho,2,29.25,0,8,Katherine Ritvo,Rajiv Maragh,01:25.9,SAR 8/4 4,28,Mucho Macho Man
9/1/2019,8,MSW-F,,7,Dirt,Buxom Beast,6,5.4,0,9,Gary Contessa,Kendrick Carmouche,01:26.6,SAR 7/11 8,52,The Big Beast
9/1/2019,11,GRD-F,Spinaway S.,7,Dirt,Perfect Alibi,3,5.2,0,1,Mark Casse,"Irad Ortiz, Jr.",01:23.4,SAR 8/4 10,28,Sky Mesa
9/1/2019,11,GRD-F,Spinaway S.,7,Dirt,Frank's Rockette,2,1.95,1,2,William Mott,Julien Leparoux,01:23.6,SAR 8/4 10,28,Into Mischief
9/1/2019,11,GRD-F,Spinaway S.,7,Dirt,Figure of Speech,5,3.65,0,3,Chad Brown,Javier Castellano,01:24.4,SAR 7/31 6,32,Into Mischief
9/1/2019,11,GRD-F,Spinaway S.,7,Dirt,Miss Peppina,4,15.1,0,4,Gary Gullo,Joel Rosario,01:24.6,SAR 8/4 10,28,Bayern
9/1/2019,11,GRD-F,Spinaway S.,7,Dirt,Shippy,7,3.7,0,5,Katherine Ritvo,Luis Saez,01:24.9,SAR 7/11 8,52,Midshipman
9/1/2019,11,GRD-F,Spinaway S.,7,Dirt,Risky Mischief,6,6.6,0,6,Jeremiah Englehart,Jose Ortiz,01:25.1,SAR 7/31 3,32,Into Mischief
9/1/2019,11,GRD-F,Spinaway S.,7,Dirt,Mundaye Call,1,12.3,0,7,Don Chatlos,Tyler Gaffalione,01:26.3,SAR 8/11 6,21,Into Mischief
9/2/2019,6,MSW,,5.5,Dirt,Gouverneur Morris,6,0.65,1,1,Todd Pletcher,John Velazquez,01:04.3,,,Constitution
9/2/2019,6,MSW,,5.5,Dirt,Maximiliano,1,3.75,0,2,Wesley Ward,Jose Ortiz,01:05.7,,,Quality Road
9/2/2019,6,MSW,,5.5,Dirt,Secret Rules,7,5.1,0,3,William Mott,Junior Alvarado,01:05.9,,,Secret Circle
9/2/2019,6,MSW,,5.5,Dirt,Malibu Edge,4,8.5,0,4,Claude McGaughey III,Joel Rosario,01:06.5,,,Malibu Moon
9/2/2019,6,MSW,,5.5,Dirt,Nashvegas,3,37.75,0,5,Nicholas Zito,Eric Cancel,01:07.9,,,Aikenite
9/2/2019,6,MSW,,5.5,Dirt,Tadeo,5,21.1,0,6,Kiaran McLaughlin,Jose Lezcano,01:08.0,,,Sky Mesa
9/2/2019,6,MSW,,5.5,Dirt,Clifton Park,2,24,0,7,Dale Romans,Luis Saez,01:08.4,,,Awesome Again
9/2/2019,10,GRD,Runhappy Hopeful S.,7,Dirt,Basin,6,3.1,0,1,Steven Asmussen,Jose Ortiz,01:23.5,SAR 7/21 8,43,Liam's Map
9/2/2019,10,GRD,Runhappy Hopeful S.,7,Dirt,Shoplifted,1,2.8,0,2,Steven Asmussen,Joel Rosario,01:24.5,SAR 7/27 4,37,Into Mischief
9/2/2019,10,GRD,Runhappy Hopeful S.,7,Dirt,Gozilla,3,1.3,1,3,Steven Asmussen,"Ricardo Santana, Jr.",01:24.5,SAR 8/10 7,23,Flatter
9/2/2019,10,GRD,Runhappy Hopeful S.,7,Dirt,American Butterfly,2,14.1,0,4,D. Lukas,Luis Saez,01:24.9,SAR 8/17 7,16,American Pharoah
9/2/2019,10,GRD,Runhappy Hopeful S.,7,Dirt,By Your Side,4,5.2,0,5,Eddie Kenneally,"Irad Ortiz, Jr.",01:25.0,SAR 7/13 3,51,Constitution
9/2/2019,10,GRD,Runhappy Hopeful S.,7,Dirt,Inside Risk,5,37.25,0,6,Thomas Morley,Dylan Davis,01:25.7,SAR 8/1 3,32,Street Sense
